Age,Gender,Dept,YearsAtCompany,MonthlyIncome,WorkLifeBalance,JobSatisfaction,PerformanceRating,YearsSinceLastPromotion,OverTime,DistanceFromHome,Education,MaritalStatus,Attrition
28,Male,Sales,5,8463,3,1,3,1,No,5,3,Single,No
53,Female,Media,4,4450,3,1,3,1,No,13,2,Divorced,No
24,Male,Human Resources,1,1555,3,3,3,0,No,22,1,Married,Yes
45,Male,Research & Development,1,9724,3,1,3,0,No,7,3,Divorced,No
36,Male,Banking,13,5914,4,2,3,3,No,5,2,Single,No
34,Female,Sales,8,2579,3,3,3,0,Yes,14,3,Divorced,No
35,Male,Banking,5,4230,3,3,3,4,No,22,3,Single,No
39,Female,Research & Development,3,2232,3,3,3,1,No,1,4,Divorced,No
45,Female,Sales,19,8865,3,4,3,12,No,6,3,Single,No
35,Male,Finance,1,2269,3,4,3,0,No,8,1,Married,No
47,Female,Sales,3,3294,2,4,3,1,Yes,2,4,Single,No
43,Female,Sales,21,10231,4,4,3,15,No,4,4,Single,No
44,Male,Banking,5,5933,2,2,3,2,No,4,3,Single,No
40,Female,Education,7,2213,3,3,3,1,Yes,10,4,Married,No
22,Male,Research & Development,3,3375,4,3,3,1,No,1,2,Single,No
30,Female,Banking,9,4968,3,1,3,0,No,2,4,Single,No
29,Male,Education,3,6294,4,3,3,0,Yes,1,3,Single,No
36,Female,Banking,17,2743,3,1,3,15,No,16,4,Single,Yes
47,Male,Finance,10,11849,2,2,3,9,Yes,29,4,Married,Yes
34,Male,Research & Development,14,17007,2,1,3,6,No,15,3,Divorced,No
31,Male,Research & Development,5,3479,4,2,3,1,No,29,2,Single,Yes
47,Female,Finance,5,5070,3,4,3,0,No,2,2,Divorced,No
32,Male,Sales,4,9204,2,4,3,0,No,7,5,Married,No
38,Female,Sales,8,5605,3,1,4,7,Yes,7,2,Divorced,No
33,Male,Sales,2,6392,1,1,3,2,No,8,4,Married,No
55,Male,Sales,36,19586,3,4,4,2,No,26,5,Married,No
27,Female,Healthcare,1,2318,3,3,3,0,No,4,3,Single,No
33,Male,Sales,9,4037,3,1,4,0,No,1,3,Divorced,No
44,Male,Banking,5,3420,2,2,3,1,No,20,3,Single,No
34,Male,Banking,11,5957,3,1,3,5,No,2,4,Married,No
30,Male,Education,7,5294,3,3,3,1,No,16,3,Married,No
26,Male,Research & Development,8,5472,3,4,3,1,No,2,2,Married,No
40,Female,Research & Development,8,4244,3,2,4,3,No,2,2,Married,No
37,Female,Healthcare,6,7491,4,4,3,1,No,1,3,Single,No
36,Male,Sales,2,6134,3,1,3,2,Yes,13,5,Divorced,Yes
35,Male,Sales,10,7823,3,4,3,0,No,3,4,Divorced,No
40,Male,Media,9,13757,3,2,3,4,No,8,1,Divorced,No
41,Male,Banking,1,2107,1,1,3,0,No,5,2,Divorced,Yes
28,Male,Finance,2,3441,2,3,3,2,Yes,5,4,Single,Yes
28,Female,Media,3,3591,3,1,4,1,No,1,3,Married,No
38,Female,Sales,8,8686,4,4,4,0,No,1,4,Single,No
40,Male,Sales,8,5473,4,1,3,7,No,9,2,Married,No
32,Male,Research & Development,6,4087,2,1,3,1,No,1,4,Married,No
38,Male,Healthcare,2,2821,3,3,3,2,No,3,4,Married,No
33,Female,Sales,1,2851,3,3,3,0,Yes,5,3,Single,Yes
38,Male,Sales,8,5249,3,4,3,7,No,2,2,Married,No
40,Male,Sales,5,9094,3,2,3,1,Yes,25,4,Single,Yes
33,Female,Sales,3,5324,3,1,3,0,No,16,3,Single,Yes
50,Male,Sales,4,6796,3,3,3,1,Yes,8,2,Married,Yes
19,Female,Finance,1,1859,4,2,4,0,Yes,10,3,Single,Yes
46,Male,Finance,3,17861,1,3,3,0,No,2,3,Married,No
31,Male,Finance,5,4821,3,4,3,0,Yes,5,4,Married,No
51,Male,Research & Development,20,19537,3,3,3,15,No,6,3,Single,No
34,Female,Sales,10,6125,4,1,3,9,No,15,2,Single,No
29,Female,Finance,5,2974,3,3,3,1,No,9,4,Married,No
32,Female,Research & Development,8,4998,3,3,3,0,Yes,2,2,Single,No
40,Male,Research & Development,7,2741,4,4,3,3,Yes,19,2,Married,No
33,Male,Research & Development,9,5968,3,3,4,2,No,7,2,Divorced,No
34,Female,Education,5,6142,3,3,3,4,No,8,2,Single,No
39,Female,Healthcare,9,5042,1,3,3,3,No,4,3,Single,No
45,Female,Human Resources,5,9756,4,3,4,0,No,4,3,Married,No
21,Female,Healthcare,1,1416,2,1,3,1,No,10,3,Single,Yes
31,Female,Research & Development,10,7446,3,2,3,4,No,1,5,Single,Yes
50,Male,Banking,4,17639,3,3,3,0,No,2,3,Married,No
37,Female,Finance,1,4777,1,2,3,0,No,11,2,Married,Yes
35,Male,Healthcare,1,5916,3,3,3,0,Yes,23,2,Married,Yes
27,Female,Sales,8,6214,3,2,3,0,No,8,4,Married,No
37,Male,Media,5,4284,3,1,4,0,Yes,7,4,Married,No
28,Female,Media,5,3310,3,4,4,0,No,8,2,Single,No
40,Male,Human Resources,21,16437,3,4,4,7,Yes,6,2,Single,No
36,Male,Sales,4,5507,1,2,3,1,No,17,2,Married,No
46,Female,Sales,2,18947,2,1,3,2,No,2,4,Single,No
37,Male,Sales,3,9602,2,3,3,1,Yes,2,3,Married,No
35,Male,Sales,15,4312,3,1,3,2,No,1,4,Single,No
29,Male,Education,6,6623,3,4,3,1,Yes,7,3,Divorced,No
55,Female,Research & Development,5,14756,3,3,3,0,Yes,8,3,Divorced,No
34,Male,Finance,9,4724,3,4,3,7,No,10,4,Divorced,No
34,Female,Sales,3,6500,3,1,3,1,No,8,2,Married,No
36,Female,Education,7,10252,3,1,4,7,Yes,1,3,Divorced,No
30,Female,Finance,9,11916,3,1,4,0,Yes,17,4,Married,No
53,Female,Media,7,18606,3,3,3,4,No,7,2,Divorced,No
39,Female,Human Resources,8,6389,1,2,3,3,No,3,3,Married,No
58,Female,Sales,1,17875,2,4,3,0,Yes,21,3,Married,No
25,Male,Sales,7,2096,3,3,3,0,No,13,1,Married,No
29,Female,Sales,11,7336,1,1,3,3,No,23,1,Married,Yes
44,Male,Research & Development,5,3162,3,3,3,0,No,5,3,Single,No
41,Male,Sales,2,7082,3,3,3,0,Yes,23,2,Single,No
44,Female,Human Resources,2,5985,4,3,3,0,No,1,4,Single,No
32,Female,Research & Development,5,5175,2,3,3,1,No,8,2,Married,No
30,Female,Education,12,4011,3,4,4,3,No,1,2,Single,No
37,Male,Media,7,5993,4,3,3,0,No,1,4,Divorced,No
21,Male,Banking,0,1232,3,4,3,0,No,15,2,Single,No
39,Male,Sales,20,13341,3,1,3,11,No,15,4,Single,No
30,Male,Sales,1,2476,3,2,3,0,No,2,1,Married,No
37,Male,Sales,5,7428,3,4,3,1,No,3,3,Single,No
31,Female,Education,11,7143,2,4,3,4,Yes,7,4,Single,No
29,Male,Sales,10,8620,3,3,3,0,No,19,3,Divorced,No
37,Female,Research & Development,13,4449,3,3,3,10,Yes,25,5,Married,No
47,Female,Sales,5,4591,2,3,3,1,Yes,14,3,Married,No
46,Female,Sales,3,9071,3,4,3,1,Yes,10,3,Married,No
55,Male,Banking,36,19045,3,1,3,4,Yes,1,3,Single,No
28,Female,Banking,9,7655,2,2,3,1,No,3,3,Divorced,No
49,Female,Sales,9,7654,4,4,3,7,No,11,3,Married,Yes
27,Female,Sales,1,2534,3,4,3,0,No,11,3,Married,No
48,Male,Education,15,10999,3,3,3,4,No,4,4,Single,No
38,Male,Sales,8,8740,3,3,3,2,Yes,10,4,Divorced,No
46,Female,Research & Development,1,5258,4,3,3,0,No,7,4,Married,No
32,Male,Sales,0,4648,4,4,3,0,No,10,4,Single,No
37,Male,Finance,5,13664,4,3,3,0,No,7,4,Single,No
45,Male,Research & Development,24,19202,3,4,3,1,No,1,3,Married,No
35,Male,Sales,2,5440,2,4,3,2,Yes,15,2,Divorced,Yes
45,Female,Media,10,5769,3,1,3,1,Yes,5,5,Single,No
31,Female,Sales,9,6932,2,3,3,0,No,20,2,Married,No
30,Male,Education,6,9957,2,1,3,0,No,20,3,Married,No
38,Male,Finance,1,1702,3,4,4,0,Yes,2,2,Married,No
45,Male,Healthcare,6,3452,2,4,3,0,No,29,3,Single,No
59,Female,Sales,4,5473,2,3,3,1,No,1,1,Single,No
29,Female,Healthcare,10,9980,3,1,3,8,No,21,4,Divorced,No
49,Male,Finance,8,15379,3,3,3,0,No,1,3,Single,No
33,Female,Research & Development,5,3838,3,2,3,0,No,4,4,Married,No
56,Female,Media,3,2066,4,1,4,1,No,1,2,Married,No
34,Male,Education,9,8500,2,4,3,1,No,9,3,Divorced,No
51,Female,Media,7,2838,2,3,3,7,No,6,2,Single,No
53,Female,Banking,3,12965,2,3,4,0,Yes,1,4,Married,No
38,Female,Media,15,5980,3,1,3,4,Yes,2,4,Single,No
19,Male,Human Resources,1,2564,4,4,3,0,No,2,2,Single,Yes
25,Male,Sales,4,4950,3,4,3,1,No,10,4,Single,No
39,Male,Finance,18,12169,3,4,3,11,No,2,3,Divorced,Yes
39,Female,Banking,20,4553,3,3,3,11,No,2,4,Single,No
31,Male,Sales,8,6929,2,4,3,7,No,7,3,Married,No
29,Male,Banking,11,3812,4,4,3,3,No,20,1,Married,No
18,Female,Research & Development,0,1514,1,3,3,0,No,14,3,Single,No
60,Female,Sales,18,10266,4,1,3,13,No,28,3,Married,No
33,Female,Banking,13,4508,3,3,4,3,No,29,4,Single,Yes
26,Male,Finance,8,4420,3,4,4,0,No,3,4,Married,No
34,Male,Media,8,5429,3,3,3,7,No,29,3,Married,No
21,Male,Healthcare,3,3230,4,3,3,1,No,3,2,Single,No
31,Male,Research & Development,1,9824,3,3,3,0,No,20,3,Married,Yes
42,Male,Human Resources,3,2696,3,3,3,1,Yes,2,1,Divorced,No
50,Male,Banking,12,13973,3,3,3,1,Yes,24,3,Married,No
28,Male,Research & Development,4,2154,2,3,3,0,Yes,1,4,Single,No
42,Male,Banking,10,7406,2,1,4,5,Yes,24,3,Married,No
36,Female,Education,3,4374,3,3,3,1,No,1,4,Married,No
27,Male,Sales,9,8726,3,3,3,1,No,8,3,Single,No
49,Female,Finance,15,13966,3,3,3,2,Yes,6,1,Married,No
32,Male,Research & Development,7,2718,3,2,3,0,No,5,4,Single,No
54,Female,Healthcare,4,4869,2,3,3,0,No,20,4,Single,No
21,Female,Finance,2,2625,1,3,4,2,No,10,2,Single,Yes
32,Male,Banking,1,2956,3,1,3,0,No,1,1,Single,No
25,Male,Sales,6,5744,3,3,3,0,Yes,5,3,Single,Yes
32,Male,Sales,13,5484,2,3,3,4,No,7,3,Married,No
46,Male,Sales,7,10096,4,4,3,4,No,9,3,Divorced,Yes
56,Female,Research & Development,2,4257,3,1,3,2,Yes,8,3,Divorced,No
32,Male,Banking,3,3730,1,3,3,1,Yes,1,3,Single,Yes
39,Male,Sales,5,6120,4,4,3,1,Yes,21,4,Married,No
25,Male,Banking,2,4031,3,1,3,0,No,3,3,Married,Yes
31,Male,Sales,5,8346,3,3,3,0,No,5,3,Married,No
22,Male,Research & Development,2,2523,3,4,3,2,No,2,1,Married,No
46,Male,Research & Development,2,19627,3,4,3,2,No,1,4,Divorced,No
32,Female,Healthcare,8,2370,3,2,3,0,No,2,3,Married,No
38,Male,Media,5,4855,3,2,3,1,No,2,3,Married,Yes
34,Male,Sales,10,5337,3,4,3,5,No,21,4,Single,No
45,Female,Sales,8,5154,4,3,4,5,No,2,4,Married,No
49,Female,Research & Development,2,2587,2,1,3,2,Yes,16,3,Divorced,No
34,Male,Research & Development,15,3986,4,4,3,4,No,5,2,Married,No
30,Female,Finance,0,6877,2,4,4,0,Yes,2,3,Single,No
30,Male,Research & Development,10,2206,3,3,3,1,No,9,2,Single,No
39,Male,Research & Development,2,3902,3,4,3,2,No,19,4,Divorced,No
50,Male,Healthcare,27,17046,3,3,3,15,No,29,4,Married,No
35,Male,Banking,16,8095,3,2,3,0,No,5,4,Single,No
37,Male,Education,7,5974,3,1,3,6,Yes,6,3,Divorced,No
40,Male,Media,19,16823,3,1,3,11,No,1,4,Divorced,No
35,Male,Research & Development,2,2660,3,3,3,2,Yes,11,4,Married,No
24,Male,Research & Development,4,3597,3,2,4,1,No,24,3,Single,No
32,Female,Media,7,5055,2,4,3,0,No,2,4,Single,No
34,Male,Sales,11,2308,3,3,4,5,Yes,7,2,Married,No
34,Male,Finance,2,5484,2,4,3,2,No,1,4,Married,No
57,Male,Education,5,9439,1,4,3,1,Yes,24,2,Divorced,No
41,Female,Sales,22,10447,4,3,3,13,Yes,4,1,Divorced,No
24,Female,Education,6,3760,3,4,3,1,Yes,2,1,Single,No
56,Male,Healthcare,19,13402,3,2,3,15,Yes,23,3,Married,No
28,Male,Sales,7,5253,3,4,3,0,No,9,4,Single,No
42,Male,Finance,22,19232,3,4,3,11,No,4,2,Married,No
39,Female,Research & Development,2,8376,3,2,3,2,No,6,3,Single,No
35,Male,Sales,11,8020,2,2,3,6,No,16,3,Married,No
27,Male,Media,0,1706,2,4,3,0,No,3,3,Married,No
40,Female,Research & Development,4,7945,2,4,3,3,Yes,16,3,Single,No
50,Male,Research & Development,4,10496,3,4,3,1,No,10,3,Single,No
46,Female,Research & Development,9,8926,4,2,4,3,No,21,2,Married,Yes
28,Female,Healthcare,8,3660,4,3,3,1,No,10,3,Single,No
40,Female,Media,5,6513,3,4,3,0,No,1,3,Divorced,No
59,Female,Sales,21,7637,2,1,3,7,No,25,3,Single,No
29,Male,Human Resources,10,7988,2,1,3,0,No,17,3,Single,No
42,Male,Finance,4,5410,2,1,3,1,Yes,18,4,Divorced,No
28,Male,Media,8,6549,2,2,3,1,No,29,1,Married,No
44,Male,Research & Development,0,2290,3,3,3,0,No,17,3,Single,No
48,Male,Research & Development,1,2559,2,2,3,0,No,2,2,Single,No
42,Male,Research & Development,24,18430,2,4,3,14,No,8,3,Divorced,No
35,Female,Healthcare,9,5363,3,4,3,0,No,1,3,Married,No
38,Male,Media,1,6553,3,3,3,0,No,2,4,Married,No
44,Male,Education,5,3708,3,3,3,1,No,24,3,Single,No
35,Male,Sales,5,4968,3,4,3,0,No,11,2,Divorced,No
34,Female,Sales,3,4538,3,1,3,0,Yes,2,3,Single,No
41,Male,Human Resources,22,19189,3,3,3,2,No,1,3,Married,No
53,Male,Research & Development,5,14814,3,3,3,1,No,7,3,Married,No
33,Male,Education,1,2496,3,4,3,0,No,2,3,Single,No
35,Male,Sales,9,9069,2,1,4,1,No,18,5,Married,No
26,Male,Finance,7,2570,3,4,4,5,No,7,3,Single,No
42,Female,Finance,12,3673,3,4,3,5,No,9,2,Single,No
60,Female,Research & Development,29,19566,1,1,3,11,No,7,3,Married,No
42,Male,Finance,20,10124,1,4,3,13,Yes,2,3,Married,No
34,Female,Sales,2,2351,2,3,3,1,No,6,2,Divorced,Yes
25,Male,Healthcare,3,3669,2,4,3,1,No,19,1,Married,No
38,Male,Sales,1,7351,3,2,3,0,No,2,2,Single,No
31,Male,Finance,9,9936,3,1,3,1,No,5,3,Single,No
30,Female,Healthcare,11,2564,2,4,3,6,No,2,3,Single,No
36,Female,Sales,1,6653,3,4,3,0,No,1,5,Single,No
40,Female,Research & Development,12,6377,3,3,4,11,No,2,1,Divorced,No
31,Male,Human Resources,2,6410,3,1,3,1,No,2,3,Married,No
49,Male,Education,8,10466,3,2,3,0,No,7,4,Divorced,No
44,Male,Finance,3,2042,4,2,3,1,No,23,3,Married,No
24,Female,Research & Development,6,2886,3,3,3,1,Yes,7,3,Married,Yes
37,Female,Research & Development,5,13603,3,4,3,0,Yes,1,4,Divorced,No
29,Female,Sales,5,5765,1,2,3,0,No,13,3,Single,Yes
38,Male,Healthcare,8,5321,3,3,3,7,No,6,4,Married,No
27,Male,Banking,9,2235,2,1,3,6,Yes,14,3,Married,No
30,Female,Sales,3,4779,3,1,3,0,No,7,4,Divorced,No
32,Female,Research & Development,7,5878,3,2,3,2,No,5,2,Married,No
35,Female,Sales,13,10377,2,4,3,4,Yes,8,2,Married,No
33,Female,Research & Development,3,3452,3,4,3,0,No,13,1,Single,No
40,Male,Research & Development,1,5094,3,3,3,0,No,16,4,Single,No
31,Male,Sales,3,4233,1,1,3,1,No,13,4,Divorced,Yes
45,Female,Media,0,18061,3,2,4,0,No,25,3,Single,No
34,Male,Sales,14,9888,2,4,4,2,No,1,3,Single,No
42,Male,Education,1,4272,3,4,3,0,No,29,3,Single,No
39,Male,Banking,10,3069,3,3,3,0,No,3,2,Divorced,No
56,Male,Research & Development,13,6306,2,3,4,1,No,1,4,Divorced,No
25,Male,Finance,7,3691,4,4,3,5,Yes,4,1,Married,Yes
59,Female,Finance,5,13726,3,4,3,4,Yes,2,3,Single,No
44,Male,Research & Development,2,19513,4,4,3,0,Yes,3,4,Married,No
33,Female,Research & Development,9,2707,4,1,4,1,No,2,2,Married,Yes
34,Male,Human Resources,10,4490,4,2,3,1,No,11,3,Married,No
26,Male,Sales,4,5326,2,1,3,1,No,8,3,Single,Yes
44,Male,Research & Development,25,19190,2,1,3,14,No,4,2,Divorced,No
37,Male,Research & Development,10,9434,3,3,3,7,No,3,3,Married,No
54,Female,Finance,5,4440,3,1,3,1,Yes,10,3,Single,No
34,Male,Finance,7,2768,3,3,3,5,No,2,4,Divorced,No
36,Male,Media,3,5562,3,1,3,0,Yes,6,4,Married,No
40,Male,Research & Development,3,4876,1,4,3,0,No,9,5,Married,No
49,Male,Sales,9,5390,2,2,3,0,No,2,3,Married,No
39,Male,Banking,5,6782,2,2,3,0,No,9,3,Single,No
41,Male,Human Resources,21,19141,2,4,3,12,No,10,4,Divorced,No
52,Male,Sales,33,19068,4,3,3,15,Yes,2,4,Single,No
31,Male,Media,7,5915,2,4,4,1,No,7,4,Divorced,No
40,Female,Media,1,6516,3,1,3,0,Yes,8,2,Married,No
30,Female,Research & Development,10,5775,3,4,3,1,No,28,2,Married,No
29,Male,Finance,3,2201,3,4,3,1,No,23,3,Single,No
58,Male,Education,1,2479,3,3,4,0,No,2,3,Single,Yes
40,Male,Banking,1,3617,3,2,3,0,Yes,9,4,Divorced,No
43,Male,Education,14,17603,3,3,4,6,No,15,2,Married,No
37,Male,Sales,1,6334,3,3,3,0,No,16,4,Divorced,No
30,Male,Banking,11,3579,3,2,4,5,Yes,1,3,Married,No
30,Male,Healthcare,1,1274,2,3,3,0,No,7,3,Divorced,No
34,Male,Education,8,5063,2,3,3,7,No,10,4,Married,No
33,Male,Sales,5,9998,4,4,3,1,No,5,1,Married,No
49,Female,Healthcare,26,7403,2,2,3,1,No,8,2,Married,No
50,Female,Sales,7,19517,2,4,3,0,No,1,4,Divorced,No
30,Female,Sales,9,8412,3,1,3,7,No,22,4,Married,No
35,Female,Banking,6,4425,3,2,3,1,No,2,3,Single,No
47,Male,Sales,1,4978,1,2,3,0,No,2,4,Married,No
35,Male,Healthcare,6,2859,3,3,3,0,No,1,3,Single,No
49,Male,Media,5,19161,3,4,3,4,No,2,1,Married,No
43,Male,Education,6,4876,3,2,3,0,No,27,3,Divorced,No
34,Male,Research & Development,9,6074,3,3,4,0,Yes,7,3,Single,Yes
30,Male,Sales,7,7140,3,1,3,1,No,15,2,Divorced,No
31,Female,Sales,10,5476,3,4,3,0,No,5,4,Married,No
46,Female,Human Resources,7,3423,4,1,3,5,No,1,2,Single,No
43,Female,Finance,1,4765,4,2,4,0,No,8,3,Divorced,No
39,Male,Healthcare,9,6472,3,4,3,5,Yes,1,3,Married,No
41,Male,Sales,10,9241,3,3,3,8,No,6,3,Single,No
52,Male,Research & Development,4,4258,3,4,3,1,No,19,4,Married,No
30,Female,Sales,2,4736,4,3,3,2,Yes,25,2,Married,No
48,Female,Research & Development,8,2367,2,1,3,7,No,15,4,Married,No
29,Female,Media,7,9715,3,1,3,0,No,8,1,Married,No
49,Female,Research & Development,7,13964,3,3,3,0,Yes,1,2,Single,No
35,Female,Education,4,2977,3,4,3,1,No,1,4,Married,No
28,Male,Sales,4,4898,3,1,3,1,No,7,3,Single,No
32,Female,Research & Development,3,2332,3,2,4,0,No,1,3,Married,No
31,Female,Banking,13,4306,1,1,3,3,No,7,2,Married,No
34,Male,Sales,6,6274,3,4,4,1,No,2,3,Single,No
34,Female,Media,0,5121,3,1,3,0,No,8,5,Divorced,No
50,Female,Banking,3,16880,3,1,3,1,Yes,28,3,Married,No
37,Male,Healthcare,1,4680,3,4,3,0,No,10,2,Single,No
47,Female,Sales,7,4537,3,4,4,7,Yes,2,2,Married,No
24,Male,Education,1,2296,3,1,3,0,No,21,2,Divorced,No
18,Male,Research & Development,0,1051,3,4,3,0,No,5,2,Single,No
29,Male,Sales,3,6931,3,4,3,0,No,20,2,Divorced,No
39,Male,Finance,5,5295,3,2,4,1,No,12,3,Married,No
31,Male,Finance,10,4197,3,3,3,0,No,20,3,Divorced,No
36,Male,Human Resources,10,3886,2,4,4,0,No,2,1,Single,No
34,Female,Research & Development,14,6687,4,4,3,4,No,2,4,Single,No
45,Male,Human Resources,6,2177,3,2,3,0,No,24,4,Single,No
23,Male,Sales,0,2322,3,1,3,0,No,2,1,Divorced,No
32,Male,Research & Development,1,9679,3,4,4,0,No,5,4,Single,No
29,Male,Sales,0,6644,3,2,3,0,No,2,3,Married,No
36,Male,Sales,18,6201,2,4,3,4,Yes,1,2,Married,No
45,Female,Sales,5,4850,3,3,3,0,No,20,3,Single,No
24,Male,Research & Development,5,4401,3,3,3,0,No,9,3,Married,No
38,Male,Human Resources,6,6077,3,3,3,1,No,10,4,Married,No
33,Male,Finance,10,3348,3,1,3,9,Yes,3,3,Single,Yes
40,Female,Sales,1,13194,2,2,3,0,Yes,24,3,Single,Yes
33,Female,Finance,3,2622,3,2,4,1,No,4,4,Married,No
24,Male,Research & Development,5,2774,3,3,3,1,No,18,1,Married,No
31,Male,Sales,2,2791,3,4,3,2,No,20,3,Married,No
52,Male,Sales,34,16856,4,1,3,1,No,3,4,Married,No
45,Female,Sales,5,5006,4,1,3,0,Yes,4,2,Divorced,No
44,Male,Sales,22,18213,3,2,3,3,No,5,3,Married,No
28,Male,Research & Development,4,2207,2,3,3,2,No,15,2,Divorced,No
46,Male,Research & Development,2,19328,3,4,3,2,Yes,2,4,Divorced,No
58,Male,Sales,16,16291,2,2,4,14,No,2,3,Divorced,No
36,Female,Finance,7,7094,3,3,3,1,No,10,4,Married,No
37,Female,Healthcare,17,2115,3,4,3,5,No,1,3,Single,No
37,Male,Education,10,4285,3,4,3,3,No,13,3,Married,No
29,Male,Media,10,11935,3,3,3,0,No,3,4,Married,No
36,Female,Healthcare,3,8008,3,1,3,0,No,5,4,Married,No
44,Male,Media,4,6465,4,4,3,1,Yes,10,4,Married,No
47,Male,Sales,7,4960,3,1,3,1,No,14,4,Single,No
32,Male,Sales,14,10400,2,4,3,9,No,4,4,Married,Yes
44,Male,Research & Development,2,5033,3,1,3,2,No,1,4,Married,No
32,Male,Healthcare,5,11244,4,4,4,0,No,10,3,Single,No
34,Female,Research & Development,5,3294,2,2,3,0,No,1,3,Married,No
44,Male,Research & Development,3,2818,2,4,4,0,Yes,8,4,Married,No
54,Male,Media,10,17779,3,4,3,0,No,3,3,Married,No
43,Male,Research & Development,8,19740,3,4,3,0,No,3,3,Married,No
34,Male,Finance,10,9547,2,3,3,1,No,2,1,Married,No
26,Male,Finance,6,3102,3,1,4,0,No,3,1,Single,Yes
38,Female,Sales,7,6893,3,1,3,1,No,2,2,Divorced,No
28,Male,Sales,7,6834,3,4,3,0,Yes,1,2,Married,No
37,Female,Education,3,3629,3,3,3,0,No,11,3,Single,No
38,Female,Healthcare,13,5329,3,4,3,1,Yes,6,3,Divorced,No
26,Male,Sales,5,4684,3,4,3,1,No,10,3,Single,No
46,Male,Sales,9,5772,3,4,4,0,Yes,5,4,Single,No
29,Male,Research & Development,10,4319,3,3,3,0,No,1,1,Married,No
29,Male,Finance,10,2700,3,3,4,0,No,23,2,Married,No
26,Female,Research & Development,1,2061,3,4,4,0,No,3,3,Married,No
24,Male,Media,4,4617,2,3,3,1,No,1,2,Single,No
31,Male,Healthcare,2,3722,1,4,3,2,Yes,2,3,Married,Yes
48,Female,Sales,8,6439,3,3,3,7,No,16,4,Divorced,No
48,Female,Sales,9,2655,3,3,3,7,Yes,7,2,Married,Yes
38,Female,Sales,10,5343,3,4,3,1,No,10,2,Married,No
27,Female,Education,5,2187,2,3,3,0,No,6,4,Divorced,No
38,Female,Research & Development,2,2288,3,4,3,2,No,9,2,Single,No
42,Male,Sales,1,18303,4,3,3,0,No,5,2,Married,No
45,Male,Banking,23,10748,2,3,4,14,No,1,1,Married,No
24,Female,Sales,5,4260,4,3,3,0,Yes,10,4,Divorced,No
34,Male,Research & Development,6,3622,3,4,3,1,Yes,1,2,Married,No
26,Male,Research & Development,5,3955,3,1,3,1,No,1,2,Married,No
47,Male,Sales,23,12936,1,3,3,14,No,9,3,Married,Yes
25,Male,Media,7,5206,3,3,3,0,No,2,1,Divorced,No
41,Male,Media,5,6032,3,2,3,1,Yes,6,3,Single,No
20,Female,Sales,2,2783,3,3,3,2,No,2,3,Single,No
26,Female,Human Resources,7,2741,2,3,3,1,Yes,17,4,Divorced,Yes
47,Female,Sales,5,6397,3,3,3,1,Yes,27,2,Single,Yes
26,Female,Banking,2,4364,3,4,3,2,No,1,2,Divorced,No
37,Female,Education,8,3936,1,2,3,7,No,10,3,Married,No
40,Male,Finance,9,3319,3,4,3,4,No,24,2,Divorced,No
25,Female,Human Resources,2,2187,3,2,3,1,No,2,3,Married,No
47,Male,Banking,8,5467,4,2,3,1,No,14,4,Married,No
29,Male,Research & Development,3,2062,3,1,3,1,No,7,3,Single,No
36,Female,Sales,1,6815,3,3,3,0,No,1,4,Single,No
34,Male,Sales,13,4759,3,1,3,3,No,3,3,Single,No
27,Male,Sales,7,4105,3,4,3,0,No,9,3,Single,No
32,Male,Sales,10,5396,2,4,3,0,No,10,3,Single,No
50,Male,Research & Development,30,11245,3,3,3,12,Yes,20,5,Married,No
30,Male,Sales,10,6578,3,3,3,1,No,10,3,Married,No
21,Female,Sales,1,2716,3,2,3,0,No,12,3,Single,Yes
26,Female,Sales,2,4157,2,4,3,0,Yes,23,3,Married,No
27,Male,Research & Development,9,12808,3,4,3,0,Yes,5,1,Divorced,No
43,Male,Sales,2,6804,3,4,3,2,No,15,3,Married,No
31,Male,Research & Development,2,2695,1,4,3,2,Yes,2,4,Divorced,No
35,Female,Sales,5,2430,3,3,4,4,No,28,4,Married,No
22,Female,Finance,0,2871,3,4,3,0,No,15,3,Single,No
44,Female,Healthcare,8,7879,3,4,3,6,Yes,2,3,Married,No
37,Male,Human Resources,3,2073,3,1,4,0,Yes,6,4,Divorced,Yes
42,Female,Research & Development,6,4523,4,4,3,0,No,28,4,Married,No
42,Female,Banking,5,5231,2,4,3,1,Yes,3,3,Married,No
31,Male,Education,9,5582,3,4,4,7,No,23,3,Married,No
36,Male,Finance,7,2741,3,3,3,1,No,6,4,Divorced,No
18,Male,Healthcare,0,1420,3,3,3,0,No,3,3,Single,Yes
47,Female,Sales,22,13770,2,3,3,11,Yes,3,3,Divorced,No
34,Female,Research & Development,1,2585,2,3,3,0,No,20,3,Married,No
58,Female,Research & Development,6,10552,3,2,3,0,Yes,5,3,Divorced,No
36,Female,Research & Development,2,2543,3,3,3,2,No,2,3,Married,No
44,Male,Healthcare,1,3161,1,3,4,0,Yes,24,3,Divorced,Yes
40,Female,Banking,10,6323,4,3,3,9,No,11,3,Married,No
54,Female,Finance,4,2897,2,3,3,2,No,9,2,Married,No
58,Female,Banking,40,10312,2,4,3,15,No,23,4,Married,Yes
23,Male,Sales,3,2275,3,4,4,0,Yes,7,3,Divorced,Yes
31,Female,Sales,2,2789,2,2,3,2,No,5,3,Divorced,No
38,Female,Research & Development,9,7625,2,4,3,1,No,1,4,Single,No
38,Female,Healthcare,5,7756,4,3,3,0,Yes,2,2,Married,No
28,Female,Finance,2,2377,3,3,3,2,No,9,3,Divorced,No
26,Male,Sales,8,5296,3,3,3,7,No,1,3,Married,No
27,Male,Education,5,3058,2,2,3,1,Yes,17,3,Married,No
32,Male,Research & Development,4,2439,3,1,3,1,No,2,3,Single,No
37,Female,Education,14,6474,2,4,3,3,No,1,3,Married,No
29,Male,Sales,5,5869,3,3,3,1,No,10,3,Single,No
46,Male,Education,4,9396,3,1,3,0,No,1,4,Divorced,No
36,Female,Education,3,4663,3,3,3,1,Yes,12,4,Married,No
32,Female,Finance,5,4200,4,1,4,0,No,9,3,Single,Yes
30,Male,Research & Development,6,2141,2,2,3,1,No,7,3,Married,No
31,Female,Sales,10,9852,2,3,3,9,Yes,2,4,Divorced,No
34,Male,Sales,10,6799,3,3,4,4,No,8,2,Married,No
44,Male,Human Resources,10,5743,3,4,3,0,Yes,1,5,Married,No
58,Male,Finance,1,2380,2,4,3,0,Yes,2,1,Divorced,Yes
44,Male,Research & Development,3,2362,4,1,3,1,No,3,3,Married,Yes
31,Female,Sales,5,6583,3,4,3,1,Yes,10,2,Divorced,No
38,Male,Research & Development,7,6261,1,4,3,1,No,29,3,Married,No
25,Male,Finance,4,3424,2,1,3,0,No,2,1,Single,No
35,Female,Finance,2,2506,3,3,3,2,No,1,4,Single,No
36,Male,Research & Development,6,4678,3,4,3,0,No,7,4,Single,No
36,Female,Sales,9,7644,3,4,3,3,No,3,3,Married,No
39,Male,Sales,2,4127,3,4,3,2,No,20,3,Divorced,No
35,Male,Finance,5,2426,3,2,3,0,No,16,3,Married,No
41,Male,Media,7,17181,2,1,3,7,No,10,3,Divorced,No
36,Male,Sales,16,10325,3,4,3,3,Yes,3,1,Married,Yes
29,Male,Sales,10,4554,2,4,3,0,No,2,2,Single,No
36,Male,Research & Development,1,3688,3,4,3,0,No,18,4,Married,No
33,Male,Media,13,11691,4,3,3,3,No,7,3,Married,No
36,Male,Finance,8,4485,3,2,3,7,No,3,3,Single,No
38,Female,Research & Development,1,9824,3,3,3,0,No,10,3,Married,No
54,Female,Education,5,5485,3,1,3,1,Yes,19,4,Divorced,No
37,Male,Media,6,3500,1,3,3,1,No,5,2,Single,No
33,Female,Sales,2,2342,2,4,3,2,No,8,1,Single,No
50,Male,Sales,3,10854,3,1,3,2,Yes,28,3,Divorced,Yes
49,Female,Research & Development,15,6567,2,1,3,5,No,20,4,Married,No
33,Male,Sales,4,4373,3,1,3,0,No,7,3,Married,No
27,Male,Sales,5,6349,3,2,3,1,Yes,1,1,Married,No
28,Male,Education,3,3464,2,4,3,2,Yes,2,4,Married,Yes
39,Female,Human Resources,5,5204,3,4,3,0,No,2,3,Married,No
35,Female,Healthcare,1,2074,3,1,3,0,Yes,2,3,Divorced,Yes
50,Male,Finance,5,17399,2,4,4,1,No,1,2,Divorced,No
36,Male,Healthcare,3,4941,3,2,4,0,No,6,2,Divorced,No
21,Male,Sales,1,2679,3,2,3,1,No,7,1,Single,Yes
50,Male,Human Resources,32,18200,3,2,3,10,No,3,3,Married,No
52,Male,Finance,8,10445,3,2,3,4,No,7,4,Single,No
33,Male,Research & Development,7,13610,4,3,3,7,Yes,15,1,Married,Yes
47,Female,Education,22,10333,3,2,3,14,Yes,4,3,Divorced,No
22,Male,Healthcare,2,4775,1,4,4,2,No,1,2,Married,No
28,Male,Banking,2,4382,2,3,3,2,No,2,4,Single,Yes
33,Female,Sales,6,5368,3,4,4,1,Yes,16,3,Divorced,No
40,Male,Sales,12,10855,2,4,3,2,No,4,4,Married,No
27,Male,Sales,6,5071,3,4,4,0,No,2,1,Single,No
40,Male,Healthcare,1,2406,2,4,3,0,No,1,4,Married,No
55,Male,Research & Development,3,10976,3,2,3,1,No,2,1,Married,No
33,Male,Education,2,2313,3,2,4,2,Yes,25,3,Single,Yes
37,Male,Sales,14,10609,1,3,3,11,No,1,4,Married,Yes
34,Female,Sales,2,6029,3,4,3,2,No,3,2,Single,No
46,Female,Sales,11,18789,3,2,3,0,No,4,2,Married,No
38,Male,Sales,9,9924,3,2,3,7,No,14,3,Married,No
30,Female,Research & Development,9,4627,3,4,3,6,No,6,3,Married,No
34,Male,Human Resources,3,3737,1,4,3,0,No,3,2,Married,No
34,Female,Banking,11,5433,3,2,3,7,No,3,3,Divorced,No
36,Male,Sales,15,5406,2,4,4,11,No,15,4,Divorced,No
35,Female,Human Resources,9,8837,3,4,3,1,Yes,26,4,Single,No
35,Male,Research & Development,8,7632,3,3,3,0,Yes,16,3,Married,No
40,Male,Sales,21,19833,2,2,3,12,No,7,4,Single,No
24,Female,Sales,3,4999,2,3,4,0,No,3,2,Married,No
53,Male,Sales,17,14852,4,3,3,15,No,2,2,Divorced,No
32,Male,Education,9,5470,2,2,3,1,No,2,3,Divorced,No
28,Male,Banking,0,2561,2,1,3,0,No,2,2,Single,Yes
55,Male,Media,3,4035,3,3,3,1,Yes,4,4,Married,No
30,Female,Education,5,6091,3,4,4,0,No,2,3,Single,No
26,Female,Healthcare,8,2366,3,3,3,1,Yes,5,2,Married,Yes
23,Male,Research & Development,0,1601,3,1,4,0,Yes,6,3,Married,Yes
51,Male,Finance,1,6132,3,3,3,0,No,7,4,Married,No
42,Female,Banking,4,6062,3,4,3,0,Yes,1,2,Married,No
35,Female,Media,6,2559,2,1,3,1,No,27,1,Single,No
35,Male,Sales,11,4717,3,3,3,6,No,1,3,Married,No
20,Male,Finance,1,1009,3,3,3,1,Yes,10,1,Single,Yes
28,Male,Sales,5,4724,3,1,3,0,No,26,3,Married,No
29,Female,Research & Development,5,2168,2,4,3,1,Yes,15,1,Married,No
43,Male,Banking,25,14336,3,2,3,3,No,12,3,Divorced,No
40,Female,Media,1,4422,1,4,3,0,Yes,26,2,Married,No
29,Female,Finance,10,3131,3,4,3,0,No,6,1,Married,No
46,Female,Sales,19,13225,3,1,3,2,No,3,3,Divorced,No
44,Male,Healthcare,5,2342,2,2,3,2,Yes,1,2,Divorced,Yes
47,Female,Research & Development,20,17169,4,3,3,5,No,2,4,Married,No
32,Male,Banking,10,5309,3,4,3,4,No,24,4,Married,No
38,Female,Research & Development,0,2619,2,1,3,0,No,1,1,Single,No
51,Male,Human Resources,33,14026,3,2,3,0,Yes,5,3,Divorced,No
58,Male,Banking,5,5660,3,3,3,1,Yes,1,4,Divorced,No
35,Female,Sales,5,4859,3,3,3,0,No,1,3,Single,No
45,Male,Research & Development,3,9380,4,4,3,1,Yes,29,3,Married,No
56,Male,Media,10,11103,2,4,3,1,No,9,3,Married,No
37,Female,Education,4,4107,2,2,3,0,No,3,3,Single,No
37,Male,Sales,6,9525,2,4,3,1,No,1,4,Divorced,No
39,Male,Sales,8,7880,3,3,3,0,No,2,5,Single,No
35,Male,Education,7,10274,4,2,3,6,No,2,3,Divorced,No
54,Female,Sales,9,10686,3,3,3,7,No,2,4,Married,No
32,Female,Education,8,4025,3,3,3,7,No,29,4,Single,No
48,Female,Sales,0,12504,1,3,4,0,No,29,1,Married,No
33,Female,Banking,6,5488,3,2,3,1,Yes,1,4,Married,No
31,Male,Sales,7,6172,2,3,3,7,Yes,6,4,Married,Yes
46,Female,Sales,24,10453,3,1,4,15,No,1,2,Divorced,No
38,Male,Media,2,5745,3,4,3,1,No,23,4,Divorced,No
38,Male,Sales,15,4440,3,2,3,5,No,1,4,Married,No
43,Male,Sales,10,7847,3,4,3,8,Yes,2,3,Married,No
37,Male,Finance,4,2326,2,4,3,1,Yes,9,3,Married,No
39,Female,Sales,1,5238,2,3,3,0,Yes,3,2,Married,Yes
28,Male,Human Resources,5,4936,3,4,3,0,No,8,2,Divorced,No
35,Male,Research & Development,10,5689,4,3,3,0,Yes,18,4,Married,No
30,Male,Banking,11,4152,3,4,3,10,No,2,3,Married,No
39,Female,Banking,19,17123,3,2,3,15,Yes,13,4,Divorced,No
43,Female,Finance,16,19392,3,3,3,6,No,6,3,Married,No
27,Female,Banking,7,6811,1,1,3,0,No,7,3,Single,No
42,Female,Sales,5,6244,3,3,3,0,No,14,2,Single,No
31,Female,Research & Development,2,3978,2,3,3,2,No,4,3,Divorced,No
39,Male,Banking,2,2404,1,1,4,2,Yes,6,3,Married,Yes
29,Female,Finance,7,16124,2,4,3,1,No,1,3,Divorced,No
49,Female,Education,3,18665,3,1,3,1,Yes,10,4,Single,No
38,Male,Sales,1,2858,2,1,3,0,No,1,3,Single,No
35,Male,Finance,10,5098,3,3,3,0,No,9,4,Single,No
42,Female,Media,1,15992,3,4,3,0,No,23,5,Single,No
31,Female,Banking,7,4084,1,3,3,7,No,3,3,Single,Yes
34,Male,Sales,8,8628,2,3,3,1,No,13,4,Divorced,No
36,Male,Research & Development,16,6586,2,4,3,4,Yes,14,1,Married,No
27,Male,Sales,4,4342,3,4,3,1,No,8,1,Married,No
40,Male,Sales,1,10932,3,1,3,0,No,28,3,Divorced,No
34,Male,Sales,10,7083,3,3,3,8,Yes,1,3,Married,No
43,Female,Banking,1,9985,2,1,3,0,No,7,3,Married,No
31,Male,Sales,13,10793,3,4,3,9,No,8,2,Divorced,No
41,Male,Research & Development,5,2782,3,4,4,1,No,1,3,Married,No
31,Male,Media,10,5003,3,1,4,8,No,1,3,Married,No
45,Male,Healthcare,4,5399,3,3,3,0,No,1,4,Single,No
33,Male,Sales,7,4682,2,4,3,0,No,10,3,Single,No
27,Female,Banking,4,2478,2,2,3,1,Yes,5,3,Single,No
36,Male,Research & Development,5,2571,3,4,3,0,No,23,2,Married,No
33,Male,Banking,14,2028,3,2,3,2,No,21,3,Married,No
31,Male,Research & Development,5,2911,2,3,3,4,No,26,1,Divorced,No
19,Female,Sales,0,2325,4,1,4,0,No,1,1,Single,Yes
32,Male,Education,5,2794,1,2,4,0,No,7,3,Married,No
36,Male,Research & Development,11,7779,3,4,4,0,No,18,4,Single,No
37,Male,Human Resources,10,4071,2,2,3,4,No,8,2,Divorced,No
28,Male,Sales,1,1052,3,2,4,0,No,10,1,Married,No
25,Male,Sales,2,8639,3,3,3,2,No,28,3,Married,No
29,Female,Research & Development,1,2319,3,1,3,0,Yes,1,2,Married,Yes
29,Female,Healthcare,7,2514,3,4,4,1,No,28,4,Divorced,No
41,Female,Education,21,19973,3,3,4,5,No,7,1,Divorced,No
30,Male,Human Resources,11,6347,1,4,3,4,Yes,9,3,Married,No
39,Male,Healthcare,4,13464,3,3,4,2,No,10,1,Single,No
22,Female,Healthcare,1,2398,3,1,3,0,Yes,8,1,Married,Yes
31,Male,Media,5,4345,3,3,3,1,No,1,4,Married,No
45,Female,Sales,9,17650,4,4,3,1,No,11,2,Married,No
42,Female,Education,5,4556,3,3,3,0,No,29,2,Divorced,No
31,Female,Finance,10,8943,3,3,4,8,No,7,2,Married,No
51,Male,Media,4,5482,3,2,3,1,No,2,3,Divorced,No
34,Male,Finance,13,5343,3,1,4,4,No,1,3,Single,No
33,Male,Sales,10,17444,3,3,3,6,No,17,3,Single,No
35,Female,Sales,10,5204,3,4,3,0,Yes,7,4,Married,No
40,Female,Sales,11,5677,3,2,3,5,No,2,2,Married,No
33,Male,Sales,9,8380,3,3,3,0,Yes,10,5,Divorced,No
34,Female,Sales,6,5714,2,3,4,1,No,9,1,Married,No
34,Male,Research & Development,10,2691,2,4,3,8,No,1,5,Married,No
30,Female,Education,8,11416,2,1,3,1,Yes,8,2,Married,No
33,Female,Education,8,2909,3,3,3,3,Yes,3,4,Married,No
45,Male,Banking,9,3633,3,1,3,0,Yes,23,2,Married,No
37,Male,Sales,9,8834,3,2,3,7,No,9,4,Divorced,No
31,Male,Sales,7,7547,3,4,3,1,No,7,3,Divorced,No
32,Male,Media,7,3068,2,4,3,3,No,2,2,Single,No
28,Male,Media,3,2080,2,1,3,1,No,1,3,Single,No
26,Male,Banking,4,3904,3,4,3,1,No,2,1,Single,No
30,Female,Finance,5,2132,3,3,3,0,Yes,22,3,Married,Yes
33,Female,Sales,5,5376,3,1,3,1,No,1,3,Married,No
38,Female,Research & Development,1,7861,4,3,3,0,Yes,1,3,Single,No
41,Male,Media,1,3072,2,1,3,0,No,19,2,Divorced,No
51,Male,Media,4,10650,3,4,3,0,No,8,4,Single,Yes
38,Male,Finance,4,6288,2,1,3,1,No,12,3,Divorced,No
27,Female,Sales,9,3540,3,3,4,5,No,23,1,Married,No
53,Female,Education,12,14275,3,4,3,3,No,23,4,Single,No
30,Male,Sales,2,5301,2,3,3,2,No,16,1,Married,No
30,Male,Sales,1,1081,2,4,3,0,No,9,3,Single,Yes
30,Male,Banking,2,3833,3,3,4,0,No,1,3,Married,No
58,Female,Research & Development,9,19701,3,1,4,1,Yes,1,3,Married,No
34,Male,Sales,15,9725,2,4,3,0,No,1,4,Divorced,No
26,Male,Research & Development,7,2544,3,4,3,7,No,6,3,Married,No
51,Female,Sales,7,4936,2,4,3,0,No,14,2,Married,No
39,Male,Banking,21,17068,3,1,3,11,Yes,10,1,Married,No
36,Male,Sales,10,9980,2,4,3,9,No,10,4,Single,No
32,Female,Sales,13,5228,3,2,3,11,Yes,8,2,Married,No
56,Female,Media,5,2942,3,3,3,0,No,9,3,Married,No
57,Male,Research & Development,12,4900,2,3,4,2,No,1,2,Married,No
57,Male,Sales,1,14118,2,4,3,0,No,29,3,Divorced,No
40,Female,Banking,4,2342,2,4,4,2,Yes,2,1,Single,No
23,Male,Sales,1,1790,2,1,3,1,No,9,3,Married,Yes
53,Male,Research & Development,4,7005,3,4,3,1,No,24,4,Married,No
38,Female,Research & Development,4,2440,3,2,4,3,No,2,3,Single,No
36,Male,Human Resources,5,2143,3,2,3,0,No,13,3,Married,No
29,Female,Sales,11,7918,3,4,3,4,No,1,1,Married,No
38,Female,Healthcare,18,13206,3,3,3,1,No,10,3,Married,No
47,Male,Education,17,8633,3,3,4,12,No,25,3,Single,No
32,Male,Finance,10,4883,3,3,3,1,No,7,2,Married,Yes
35,Male,Finance,16,5208,3,1,3,1,No,18,5,Married,No
36,Male,Research & Development,6,6499,3,2,3,0,No,11,3,Single,No
49,Male,Research & Development,4,4284,3,1,4,1,No,28,2,Single,Yes
34,Female,Research & Development,6,4381,3,1,3,1,No,2,4,Single,No
39,Male,Research & Development,8,4534,3,3,3,1,No,18,2,Single,No
30,Male,Finance,11,8474,3,3,4,5,No,1,1,Single,No
51,Male,Sales,4,10596,3,2,3,3,No,2,3,Married,No
35,Male,Research & Development,3,3506,3,3,3,2,Yes,6,1,Married,No
60,Male,Sales,2,5405,3,1,3,2,No,16,4,Single,No
50,Male,Sales,6,6728,3,3,3,0,No,1,4,Divorced,Yes
45,Male,Media,5,2132,3,4,4,0,No,28,3,Married,No
56,Male,Research & Development,6,7260,2,4,3,0,No,7,3,Single,No
46,Male,Research & Development,9,8578,2,4,3,4,No,2,2,Divorced,No
42,Male,Media,5,2766,2,2,4,0,No,12,3,Divorced,No
60,Male,Banking,1,10883,4,4,4,0,No,1,4,Divorced,No
25,Male,Sales,5,4194,3,1,3,0,Yes,3,1,Married,No
28,Male,Human Resources,3,2706,3,4,3,2,No,1,2,Divorced,No
53,Female,Banking,33,10169,3,4,3,1,No,2,5,Married,Yes
39,Male,Healthcare,10,5151,3,1,4,7,No,9,2,Married,No
48,Male,Research & Development,22,19665,3,2,3,12,No,10,3,Married,No
37,Male,Sales,5,6502,4,4,3,0,No,6,4,Married,No
41,Female,Healthcare,6,5467,2,4,3,3,Yes,22,3,Divorced,No
21,Male,Sales,3,2610,2,4,4,2,No,9,2,Single,No
32,Male,Sales,5,4403,2,4,3,0,No,13,4,Divorced,No
37,Male,Finance,0,2090,3,3,3,0,Yes,2,2,Single,Yes
59,Female,Research & Development,1,2670,2,1,4,0,Yes,3,3,Married,No
45,Male,Research & Development,24,5210,3,1,3,9,No,7,3,Divorced,No
35,Female,Research & Development,10,2022,2,2,3,7,Yes,25,4,Divorced,Yes
36,Male,Research & Development,11,3692,2,2,3,0,No,3,3,Married,No
41,Male,Sales,5,8938,3,2,3,0,No,3,3,Divorced,No
41,Female,Sales,1,13591,3,4,3,0,Yes,6,3,Single,No
42,Female,Banking,1,2372,3,2,3,0,Yes,7,4,Married,No
42,Male,Sales,9,6825,3,2,3,4,No,8,4,Married,No
24,Female,Sales,1,2033,3,2,3,0,No,13,2,Married,No
33,Female,Sales,5,8224,3,1,3,0,Yes,9,4,Single,Yes
43,Female,Healthcare,5,5562,2,4,3,2,No,1,3,Married,No
25,Male,Sales,5,4256,4,1,3,0,No,4,1,Married,No
38,Male,Research & Development,2,2684,2,3,3,0,No,10,1,Married,No
33,Male,Finance,0,6388,3,3,3,0,Yes,8,5,Single,No
53,Female,Sales,5,10934,3,4,3,0,Yes,7,2,Married,No
43,Female,Media,8,10820,3,1,3,0,No,27,3,Married,No
42,Female,Banking,9,2593,3,1,3,7,Yes,2,3,Divorced,No
53,Female,Research & Development,14,19094,2,3,3,4,No,5,3,Divorced,No
29,Male,Media,7,2119,2,1,3,0,Yes,8,4,Married,Yes
29,Female,Finance,8,4335,2,3,3,1,No,27,3,Married,No
37,Male,Research & Development,1,3022,3,2,4,0,No,19,2,Married,No
50,Female,Research & Development,8,18172,2,2,3,0,Yes,1,3,Married,No
29,Male,Sales,4,4649,2,3,3,0,No,2,3,Married,No
33,Female,Research & Development,15,13458,3,4,3,8,Yes,1,2,Single,No
55,Male,Education,9,16756,4,1,3,6,No,2,1,Single,No
51,Male,Healthcare,10,12490,1,2,3,4,No,8,4,Married,No
30,Male,Research & Development,10,2613,2,3,4,0,No,23,3,Divorced,No
49,Male,Research & Development,1,18711,4,3,3,0,No,4,2,Married,No
47,Male,Media,19,5067,4,3,3,2,Yes,16,4,Divorced,No
31,Male,Research & Development,1,2501,3,2,3,1,No,1,4,Single,No
47,Female,Finance,2,2105,3,3,3,2,No,9,4,Single,No
58,Male,Media,2,2372,3,3,3,2,No,23,4,Divorced,No
41,Female,Banking,22,19545,3,3,3,15,No,12,3,Married,Yes
29,Female,Finance,5,3785,1,1,3,0,No,28,4,Single,No
50,Male,Healthcare,20,3221,3,3,3,3,Yes,28,1,Married,No
32,Female,Research & Development,6,2837,3,2,3,4,No,29,4,Single,No
44,Female,Education,22,19049,2,4,3,1,Yes,7,3,Divorced,No
38,Male,Human Resources,7,2844,4,3,3,5,No,1,3,Married,No
26,Male,Healthcare,3,2042,3,1,3,1,Yes,2,3,Married,Yes
40,Male,Sales,18,10475,3,1,4,1,Yes,5,4,Married,No
45,Female,Banking,1,2274,3,3,3,0,No,2,3,Single,No
46,Female,Media,2,10527,2,3,3,1,No,18,1,Married,No
28,Male,Media,10,8722,2,1,3,1,No,24,2,Single,Yes
34,Male,Finance,5,2932,3,4,3,1,Yes,2,4,Married,No
55,Male,Finance,8,6385,3,2,3,6,Yes,18,4,Married,No
19,Female,Research & Development,1,2994,3,4,3,0,Yes,25,3,Single,No
32,Male,Education,9,6162,3,4,4,7,Yes,1,3,Married,No
40,Male,Healthcare,8,3975,4,3,3,0,No,9,4,Divorced,No
30,Female,Sales,11,5209,2,2,3,2,Yes,4,2,Divorced,No
22,Female,Research & Development,3,4171,4,3,3,0,Yes,3,1,Married,Yes
48,Male,Education,0,2259,2,3,3,0,No,20,4,Married,No
45,Male,Media,20,16792,3,4,4,11,No,2,2,Married,No
53,Male,Research & Development,5,17584,2,3,3,1,Yes,3,4,Married,No
36,Male,Sales,13,9699,3,4,3,1,No,3,4,Married,No
29,Male,Banking,10,2720,3,4,3,2,No,1,4,Divorced,No
46,Female,Finance,16,4615,3,1,4,1,Yes,8,4,Divorced,No
41,Female,Media,2,5003,3,3,3,2,No,7,2,Single,No
41,Female,Sales,4,3140,2,2,4,0,Yes,20,2,Single,Yes
52,Female,Finance,5,13247,2,3,3,0,Yes,28,2,Married,No
51,Female,Media,13,7484,2,1,4,12,No,1,4,Single,No
26,Male,Finance,1,2293,2,3,3,0,No,25,3,Single,Yes
36,Male,Sales,3,2644,2,4,4,1,Yes,2,4,Single,No
38,Male,Media,1,6673,3,1,3,0,Yes,29,1,Married,Yes
31,Male,Sales,5,5332,3,1,3,0,No,2,4,Single,No
44,Female,Sales,4,5454,2,1,4,1,Yes,1,5,Divorced,No
30,Male,Sales,8,5304,2,4,4,7,No,27,5,Divorced,No
31,Female,Sales,3,2302,4,2,3,2,Yes,1,3,Single,Yes
27,Female,Media,8,2394,3,3,3,7,Yes,17,4,Single,Yes
28,Male,Education,5,3201,1,2,3,0,No,2,1,Married,No
24,Female,Education,4,4377,3,3,3,3,No,17,1,Divorced,No
50,Male,Research & Development,3,3690,2,3,3,0,No,1,3,Married,No
39,Female,Sales,15,5902,4,3,3,5,No,4,4,Married,No
30,Female,Banking,8,4695,3,3,3,1,Yes,9,2,Single,No
30,Male,Research & Development,10,5126,2,4,3,3,Yes,1,1,Married,No
29,Male,Sales,10,4187,2,2,3,0,Yes,5,3,Divorced,No
59,Female,Human Resources,3,18844,3,4,4,2,No,2,4,Married,No
36,Female,Research & Development,8,11713,3,1,3,0,No,8,3,Married,No
29,Female,Media,0,2404,3,1,4,0,Yes,10,3,Single,Yes
30,Male,Sales,1,2033,4,1,3,0,No,12,4,Married,Yes
50,Female,Banking,5,19926,3,2,3,4,No,11,3,Single,No
37,Female,Research & Development,3,3920,2,1,3,0,No,1,2,Married,No
38,Female,Research & Development,10,12061,3,2,3,0,No,25,2,Married,No
41,Male,Sales,14,6230,3,4,3,1,No,10,2,Single,No
29,Female,Research & Development,1,2109,3,1,3,0,No,4,3,Divorced,No
45,Male,Research & Development,10,3697,3,4,3,9,No,8,4,Married,No
28,Male,Sales,5,4221,4,3,3,0,No,4,3,Married,No
29,Male,Banking,5,5373,2,1,3,0,No,1,3,Married,No
42,Male,Research & Development,22,17665,3,1,3,13,No,2,2,Married,No
48,Male,Banking,1,18265,4,4,3,0,No,1,3,Single,No
20,Female,Healthcare,1,2926,3,4,3,1,Yes,6,3,Single,Yes
31,Male,Research & Development,13,10648,4,2,4,0,No,9,1,Divorced,No
41,Male,Human Resources,3,6430,3,2,3,1,No,4,3,Married,No
29,Male,Human Resources,2,2335,3,1,3,2,Yes,13,3,Divorced,Yes
42,Male,Sales,6,5155,4,1,3,1,No,4,4,Single,No
36,Female,Sales,6,6652,2,4,3,0,No,11,4,Married,No
28,Male,Finance,8,5661,3,1,3,0,No,16,2,Single,No
32,Male,Sales,0,6735,3,2,3,0,No,1,2,Single,Yes
36,Male,Healthcare,3,5347,2,3,3,0,No,26,4,Married,No
42,Female,Healthcare,5,2576,3,1,3,1,No,1,4,Divorced,No
43,Female,Sales,17,16064,3,4,4,1,Yes,16,3,Married,No
36,Female,Sales,13,4502,2,4,3,6,No,2,4,Single,No
25,Male,Media,6,4000,3,1,3,1,No,5,2,Divorced,No
36,Female,Research & Development,9,5674,3,2,3,0,No,24,4,Married,No
36,Female,Sales,9,9738,3,4,3,2,No,11,2,Married,No
38,Male,Research & Development,13,4735,4,4,3,2,No,1,3,Married,No
33,Male,Education,3,2799,3,1,3,0,Yes,1,4,Single,No
45,Male,Research & Development,3,6434,3,3,3,0,No,7,4,Married,No
27,Female,Sales,8,6500,2,3,3,0,No,2,2,Single,No
34,Female,Sales,15,4599,4,2,4,10,Yes,24,4,Single,Yes
29,Male,Research & Development,5,2703,3,2,4,0,No,2,3,Married,No
32,Male,Sales,11,5010,3,3,3,5,No,6,4,Single,No
46,Male,Sales,12,17465,3,3,3,4,No,3,1,Married,No
39,Male,Sales,1,2086,4,4,3,0,No,5,3,Married,Yes
44,Male,Research & Development,20,16328,4,1,3,14,No,28,3,Married,No
40,Female,Finance,20,13237,3,3,3,5,No,6,3,Single,No
55,Female,Sales,10,16835,3,2,4,7,No,18,5,Single,No
41,Male,Finance,18,19419,4,3,3,0,No,9,3,Divorced,No
43,Female,Sales,4,5346,2,3,3,1,No,9,3,Single,Yes
38,Female,Sales,3,4198,4,2,3,1,No,16,3,Single,No
29,Female,Sales,2,2760,3,2,3,2,No,9,3,Single,Yes
26,Male,Banking,7,3578,3,1,3,0,No,7,3,Single,No
45,Male,Healthcare,0,13245,4,1,3,0,Yes,6,4,Married,No
34,Male,Media,5,4325,3,2,3,1,No,1,2,Married,No
38,Male,Banking,4,2610,3,3,3,0,No,7,3,Divorced,No
55,Male,Sales,1,10239,3,4,3,1,No,1,2,Married,No
18,Male,Sales,0,1878,3,2,3,0,Yes,5,3,Single,Yes
40,Female,Education,18,10435,3,3,3,14,No,15,3,Married,No
35,Female,Research & Development,10,4014,1,4,4,0,Yes,21,1,Married,No
28,Female,Finance,9,6674,3,4,3,7,No,1,3,Married,No
20,Male,Sales,2,2728,3,1,3,0,No,9,1,Single,No
33,Male,Healthcare,4,3408,3,4,3,1,No,10,1,Divorced,Yes
31,Male,Education,6,2356,3,4,3,0,Yes,11,4,Married,No
40,Male,Research & Development,11,10322,3,4,4,11,No,20,4,Married,No
50,Female,Research & Development,2,17856,3,1,4,2,No,2,3,Married,No
27,Male,Education,4,2580,2,4,3,1,No,2,3,Single,No
28,Male,Research & Development,10,4558,3,1,3,1,No,17,2,Divorced,No
36,Male,Research & Development,12,8321,3,1,3,5,Yes,10,3,Married,No
53,Male,Education,9,16598,2,2,3,8,No,2,3,Single,No
42,Male,Banking,0,5538,2,1,3,0,No,13,3,Married,No
37,Male,Education,1,5163,4,4,3,0,No,2,2,Divorced,No
43,Male,Research & Development,4,17159,3,1,4,1,No,14,2,Married,No
23,Male,Education,1,1223,3,3,4,0,No,1,2,Married,No
52,Female,Research & Development,5,2950,1,1,3,0,No,8,4,Married,No
29,Female,Finance,3,3760,3,4,3,1,No,1,3,Divorced,No
50,Female,Education,27,18740,2,3,3,13,Yes,7,2,Divorced,No
42,Male,Sales,20,4907,3,3,4,11,No,1,1,Married,No
34,Male,Banking,4,4404,4,3,3,1,No,8,3,Married,No
32,Female,Sales,4,3931,3,2,3,1,No,4,2,Married,No
38,Male,Sales,16,10609,2,3,3,5,No,3,3,Divorced,No
30,Female,Research & Development,3,3204,3,1,3,2,No,5,3,Divorced,No
56,Female,Sales,0,5380,3,1,3,0,No,11,5,Married,No
27,Male,Healthcare,5,3816,3,2,3,0,No,1,2,Divorced,No
36,Female,Research & Development,1,2835,3,4,4,0,No,3,2,Divorced,No
40,Female,Research & Development,4,3377,2,1,3,0,No,2,2,Married,No
37,Male,Healthcare,1,10048,3,3,3,0,No,10,3,Divorced,Yes
33,Male,Media,1,2008,2,3,3,0,No,1,2,Divorced,No
36,Male,Research & Development,7,5237,2,3,3,7,No,27,3,Married,No
39,Female,Research & Development,8,3755,3,3,3,0,No,8,1,Married,No
36,Male,Sales,7,5079,3,4,3,0,No,8,4,Divorced,No
25,Female,Research & Development,4,4898,3,3,3,1,No,1,3,Married,No
36,Female,Education,9,5228,3,2,3,0,No,1,3,Married,No
37,Male,Education,1,4197,2,2,3,0,Yes,10,4,Single,No
51,Male,Sales,29,19847,2,2,4,11,Yes,9,3,Divorced,No
49,Female,Banking,4,16413,3,2,3,1,No,22,4,Married,No
35,Female,Education,1,5093,4,1,3,0,No,2,4,Divorced,No
43,Male,Education,1,2437,3,3,3,0,Yes,17,3,Married,Yes
33,Female,Sales,3,4302,3,2,3,0,No,7,3,Married,No
26,Male,Sales,0,4306,3,3,3,0,No,29,2,Divorced,No
46,Male,Finance,8,10845,3,3,3,0,No,7,2,Divorced,No
56,Male,Banking,4,2587,3,4,3,1,No,24,2,Single,Yes
32,Male,Sales,8,4668,4,4,3,0,No,9,2,Divorced,No
30,Female,Media,1,2083,3,3,4,0,No,3,3,Divorced,No
30,Male,Sales,10,9714,3,1,3,6,No,1,3,Married,Yes
27,Female,Finance,3,4227,3,4,3,2,No,2,4,Married,No
42,Male,Research & Development,13,13348,4,1,3,5,No,6,3,Married,No
20,Female,Media,1,2600,3,1,3,0,Yes,11,3,Single,Yes
50,Male,Sales,2,3875,3,2,3,2,No,8,4,Married,No
19,Male,Finance,1,1102,2,4,4,1,No,2,3,Single,Yes
31,Male,Sales,2,3067,3,3,3,1,No,2,2,Married,No
29,Female,Sales,3,2157,3,4,3,0,No,20,3,Married,No
42,Male,Education,0,3968,3,3,3,0,No,8,3,Single,No
36,Female,Sales,10,5673,3,3,3,1,Yes,10,4,Married,No
42,Male,Sales,21,13758,2,1,3,13,Yes,12,3,Single,Yes
46,Female,Sales,26,17048,3,1,4,15,No,2,3,Married,No
39,Female,Sales,20,12031,2,4,3,9,No,24,1,Married,No
30,Male,Research & Development,1,2693,3,3,4,0,No,24,1,Divorced,No
36,Male,Education,10,5810,2,4,3,1,No,4,4,Single,No
41,Female,Media,7,2778,2,4,3,1,Yes,2,4,Divorced,Yes
22,Female,Banking,4,2814,2,3,3,1,Yes,26,2,Married,No
21,Female,Sales,3,2174,3,2,3,1,Yes,1,1,Single,Yes
41,Female,Media,10,3376,3,3,3,0,No,7,2,Married,No
35,Male,Finance,3,2450,3,1,3,1,No,1,3,Single,No
47,Male,Media,3,18300,3,3,3,1,No,5,5,Married,No
45,Male,Education,7,10851,3,1,3,0,Yes,20,3,Divorced,No
29,Male,Media,6,8853,4,4,3,1,No,2,1,Divorced,No
26,Female,Sales,4,2966,3,3,3,0,No,5,3,Single,No
51,Male,Education,1,2723,2,4,3,0,No,1,3,Married,No
34,Male,Banking,15,5747,3,4,3,6,Yes,22,4,Married,No
35,Male,Finance,1,6540,3,2,3,0,No,9,4,Single,No
40,Male,Banking,5,2018,1,1,3,1,No,9,4,Single,Yes
42,Female,Healthcare,1,13191,3,1,3,0,Yes,26,5,Married,No
38,Female,Finance,3,4317,3,3,4,2,Yes,3,5,Single,No
24,Female,Sales,2,4577,3,3,3,2,No,3,2,Single,Yes
39,Male,Sales,7,8237,3,3,3,7,No,6,3,Married,No
40,Male,Healthcare,4,2387,3,2,4,0,No,1,4,Married,No
45,Male,Research & Development,10,7441,3,2,3,7,No,1,4,Divorced,No
40,Female,Healthcare,5,2001,3,3,3,0,No,2,4,Married,No
34,Female,Human Resources,3,9950,3,1,3,0,Yes,23,3,Divorced,Yes
32,Female,Education,7,11159,3,4,3,7,No,3,2,Single,No
50,Female,Education,14,13269,3,1,3,1,No,17,5,Divorced,No
37,Male,Sales,9,2793,3,4,3,5,No,4,4,Divorced,No
29,Female,Finance,8,7553,3,4,3,7,Yes,14,1,Single,Yes
35,Female,Sales,10,8789,4,3,3,0,No,1,3,Single,No
31,Female,Sales,3,9637,3,1,3,2,No,7,4,Married,No
38,Female,Healthcare,5,3702,3,3,3,0,No,6,2,Married,No
27,Female,Sales,7,9981,3,3,3,0,No,20,3,Single,No
46,Male,Human Resources,4,5021,3,2,4,0,Yes,5,2,Divorced,No
41,Male,Research & Development,5,2238,3,1,4,1,No,9,4,Married,No
40,Male,Finance,20,19626,4,3,3,4,No,14,3,Single,No
30,Male,Sales,4,4115,3,1,3,0,No,29,4,Divorced,No
30,Male,Education,10,3491,2,3,3,8,No,7,4,Divorced,No
34,Male,Banking,1,2008,3,2,3,1,No,10,3,Divorced,No
40,Female,Sales,5,4639,3,1,3,1,No,14,2,Married,No
29,Male,Sales,2,2297,3,2,3,2,No,10,3,Divorced,No
46,Male,Research & Development,4,19081,3,2,3,0,No,15,2,Married,No
41,Male,Sales,9,8189,3,3,3,0,Yes,9,1,Divorced,No
39,Female,Sales,3,5736,3,3,3,1,No,21,4,Married,No
29,Female,Finance,7,3291,2,2,3,1,No,10,3,Divorced,No
52,Female,Healthcare,5,16555,1,4,3,1,No,4,2,Married,No
37,Male,Research & Development,6,2996,3,3,3,1,Yes,4,1,Married,No
29,Female,Sales,6,5561,2,3,3,1,No,3,2,Married,No
44,Female,Human Resources,2,3195,3,4,3,2,Yes,1,3,Divorced,No
45,Female,Sales,1,4286,3,1,3,0,No,26,4,Married,Yes
25,Male,Sales,3,6232,2,3,3,1,No,18,1,Married,No
47,Male,Sales,0,2976,3,3,3,0,No,4,1,Single,No
37,Female,Finance,18,3034,2,1,3,12,No,14,3,Divorced,No
41,Female,Sales,6,5993,1,4,3,0,Yes,1,2,Single,Yes
57,Male,Research & Development,3,6755,3,3,3,1,No,1,4,Married,No
18,Male,Research & Development,0,1904,3,3,3,0,No,8,1,Single,Yes
32,Female,Media,5,6667,3,4,3,1,No,15,4,Divorced,No
26,Male,Sales,5,6272,4,2,4,1,No,28,2,Married,No
33,Female,Sales,0,8564,2,1,4,0,Yes,16,3,Single,Yes
35,Female,Media,2,4014,3,1,3,2,Yes,23,4,Married,No
32,Male,Banking,3,2314,3,4,3,0,No,1,3,Divorced,No
35,Male,Sales,10,5813,3,4,3,7,Yes,27,3,Single,Yes
39,Female,Research & Development,1,3646,4,1,4,0,Yes,2,3,Single,Yes
58,Female,Research & Development,10,10008,2,1,3,5,Yes,7,4,Married,Yes
36,Male,Research & Development,8,2088,2,2,3,7,No,3,2,Single,No
31,Male,Sales,6,6582,4,4,3,0,Yes,2,1,Single,No
26,Female,Research & Development,5,2368,2,2,3,4,No,6,3,Married,No
39,Male,Research & Development,5,3904,3,1,3,0,No,23,3,Single,Yes
27,Female,Research & Development,9,7412,3,1,3,0,No,1,2,Married,No
44,Male,Research & Development,6,2936,3,3,3,0,Yes,10,4,Single,Yes
45,Female,Education,5,2270,3,4,3,0,No,1,4,Divorced,No
40,Male,Banking,22,13503,2,2,4,11,No,1,4,Married,No
47,Female,Media,13,11957,1,2,3,5,No,1,1,Married,No
34,Female,Education,3,2311,3,2,3,1,No,27,2,Single,No
44,Male,Research & Development,20,4541,3,4,4,13,No,29,4,Single,No
36,Female,Sales,15,4639,2,1,3,6,No,7,3,Married,No
27,Male,Banking,3,4621,3,3,3,1,No,8,5,Married,No
24,Female,Sales,5,3202,3,2,3,1,Yes,1,1,Single,Yes
39,Female,Research & Development,19,10938,3,3,4,11,No,2,4,Single,No
36,Male,Research & Development,1,3388,2,3,3,0,Yes,9,3,Married,Yes
34,Male,Healthcare,0,2979,3,4,3,0,No,3,4,Married,No
50,Female,Sales,2,9208,3,4,3,2,No,12,3,Single,No
41,Male,Sales,22,16015,3,2,3,0,No,2,4,Single,No
31,Male,Education,10,6179,2,3,3,6,Yes,22,4,Married,Yes
39,Male,Research & Development,21,19272,3,4,3,13,No,7,2,Married,No
44,Male,Healthcare,4,2436,3,4,3,1,Yes,1,3,Single,No
33,Male,Education,5,4320,3,2,3,0,No,25,3,Single,No
33,Male,Sales,5,7104,3,3,3,1,No,8,4,Divorced,No
25,Female,Sales,5,4907,2,3,4,0,Yes,8,2,Divorced,No
37,Female,Education,6,5731,3,4,3,1,No,25,2,Divorced,No
37,Female,Healthcare,5,3452,3,1,4,0,No,10,3,Married,No
27,Male,Sales,4,3041,3,1,3,0,No,2,1,Divorced,Yes
25,Male,Banking,2,3977,2,3,3,0,Yes,2,1,Divorced,No
30,Female,Sales,10,6118,3,3,3,1,No,5,3,Divorced,No
29,Female,Education,2,2546,4,2,3,1,No,25,5,Married,Yes
27,Male,Banking,1,2566,2,3,3,0,Yes,3,3,Divorced,No
44,Female,Finance,22,10248,3,4,3,5,No,7,4,Married,No
23,Male,Media,3,2819,4,1,3,0,No,4,3,Married,No
43,Male,Finance,5,2089,4,4,3,2,No,7,3,Divorced,No
29,Female,Media,7,3339,3,3,3,7,Yes,7,3,Divorced,Yes
27,Female,Banking,7,4774,2,1,3,7,No,15,3,Married,No
46,Female,Sales,8,7314,3,2,4,0,No,10,3,Married,Yes
32,Male,Media,5,3038,3,3,4,1,No,6,5,Single,No
30,Female,Sales,10,9419,3,4,3,7,No,5,3,Married,No
37,Male,Sales,10,7642,3,2,3,0,Yes,19,2,Single,No
30,Male,Banking,12,3072,3,1,3,6,No,9,3,Divorced,No
38,Female,Sales,7,4028,3,4,4,0,No,7,4,Single,No
33,Male,Sales,6,5505,3,4,3,0,No,2,4,Divorced,No
35,Female,Research & Development,14,4148,3,3,3,2,No,8,4,Married,No
26,Male,Healthcare,8,2875,2,4,4,2,Yes,4,2,Single,No
43,Male,Media,8,5679,3,3,3,4,Yes,9,5,Divorced,No
32,Male,Media,10,6220,3,2,3,0,No,1,3,Married,No
31,Male,Finance,5,3477,4,3,3,0,No,2,4,Married,No
52,Female,Banking,5,3149,3,3,4,1,No,11,4,Married,No
44,Female,Sales,12,13320,3,4,3,11,Yes,28,3,Married,No
29,Female,Research & Development,4,2532,3,4,3,0,No,7,1,Divorced,No
28,Female,Finance,1,2515,2,4,3,0,Yes,12,1,Married,Yes
33,Male,Research & Development,5,2436,1,4,3,0,Yes,14,3,Married,Yes
30,Female,Finance,3,2422,3,2,3,1,No,5,3,Single,Yes
30,Female,Healthcare,5,2657,3,1,3,0,Yes,3,3,Single,Yes
28,Male,Healthcare,5,2713,1,4,3,0,No,21,3,Married,No
31,Female,Sales,2,4559,3,3,3,2,Yes,20,3,Married,Yes
21,Male,Sales,2,2380,3,1,3,1,Yes,5,1,Single,No
37,Male,Healthcare,10,12185,3,4,3,0,Yes,11,3,Divorced,No
38,Female,Media,0,3306,2,3,3,0,No,4,2,Married,No
25,Female,Banking,2,2096,2,2,3,2,No,1,3,Single,No
33,Female,Research & Development,8,2756,3,2,3,1,No,14,3,Married,No
27,Female,Research & Development,1,2341,3,1,3,0,No,2,4,Divorced,No
32,Female,Research & Development,8,6725,4,1,3,6,No,3,4,Married,No
25,Male,Media,2,2889,3,4,3,2,No,7,1,Married,No
36,Female,Education,1,3419,4,1,3,0,Yes,5,4,Married,No
55,Male,Research & Development,5,19859,3,1,3,1,Yes,2,3,Married,Yes
42,Male,Finance,6,2936,2,3,4,3,No,10,4,Married,No
22,Male,Research & Development,1,2472,3,2,4,0,Yes,7,1,Single,Yes
30,Male,Research & Development,12,3748,2,2,3,1,No,1,2,Married,No
35,Male,Education,3,3681,3,4,3,0,No,25,2,Single,No
52,Male,Finance,10,5577,3,1,3,6,Yes,6,2,Divorced,No
54,Female,Media,5,10502,1,3,3,1,No,1,4,Divorced,No
52,Male,Sales,8,8446,2,2,3,7,Yes,5,3,Single,Yes
34,Male,Research & Development,4,2960,3,1,3,1,No,6,1,Single,Yes
55,Male,Human Resources,10,19636,3,2,3,1,Yes,26,4,Married,No
42,Female,Human Resources,20,16799,3,1,3,0,No,10,3,Married,No
35,Male,Finance,3,2194,2,1,3,1,No,1,3,Married,No
40,Female,Sales,5,6852,4,2,3,1,No,10,3,Divorced,No
31,Female,Media,5,5238,2,4,4,1,No,24,1,Single,No
41,Male,Sales,8,9355,3,2,3,7,No,4,3,Single,Yes
26,Female,Healthcare,3,2659,3,4,3,0,Yes,6,3,Married,No
32,Female,Sales,1,2827,3,1,3,0,No,2,1,Divorced,No
38,Male,Human Resources,11,2592,3,2,3,3,No,2,3,Divorced,No
22,Female,Research & Development,2,2244,3,2,3,1,No,11,3,Married,No
22,Male,Research & Development,4,2451,2,1,3,1,No,8,1,Married,No
27,Female,Research & Development,2,2811,3,2,3,2,No,16,4,Married,No
38,Female,Sales,4,5405,2,4,4,0,Yes,2,4,Married,No
29,Male,Healthcare,3,4262,4,4,3,1,No,19,3,Divorced,No
28,Male,Research & Development,0,3485,1,3,3,0,No,2,4,Single,Yes
31,Female,Healthcare,11,4424,3,4,4,1,No,8,4,Single,No
55,Male,Finance,33,13577,3,2,3,15,Yes,8,1,Divorced,No
59,Male,Human Resources,2,2267,2,3,3,2,No,6,2,Married,No
48,Female,Sales,9,4051,3,4,3,6,No,2,5,Married,No
43,Male,Finance,3,2258,3,4,4,1,No,21,3,Married,No
35,Male,Healthcare,8,10221,4,3,4,1,No,7,3,Single,No
33,Male,Research & Development,3,2500,4,4,3,0,No,2,3,Single,No
53,Female,Sales,25,15427,3,4,3,3,No,2,4,Married,No
46,Male,Sales,2,7991,3,2,3,2,No,26,2,Single,No
31,Female,Human Resources,3,2109,3,2,3,0,No,8,2,Single,No
38,Male,Finance,11,11510,3,4,3,2,Yes,15,2,Divorced,No
55,Male,Finance,7,14732,4,4,3,0,No,1,4,Divorced,No
60,Male,Sales,11,5220,3,4,3,1,Yes,7,4,Divorced,No
58,Male,Media,31,19246,3,2,3,13,Yes,2,4,Single,Yes
38,Female,Healthcare,10,2406,3,4,3,9,No,29,5,Single,No
46,Male,Sales,10,10368,2,4,3,0,Yes,2,3,Divorced,No
28,Male,Research & Development,5,2070,2,4,4,0,No,9,3,Married,No
56,Male,Media,10,2339,1,3,3,9,No,7,2,Married,Yes
33,Female,Sales,10,4539,2,3,3,0,No,25,3,Married,No
40,Male,Research & Development,2,4069,3,4,3,2,Yes,8,2,Divorced,No
27,Female,Human Resources,1,2863,3,2,3,0,No,22,3,Married,Yes
26,Female,Research & Development,6,6397,1,2,4,1,No,1,3,Divorced,No
35,Male,Research & Development,7,5762,3,4,3,1,No,2,2,Divorced,No
33,Female,Research & Development,5,6949,3,4,3,1,No,1,3,Single,No
40,Male,Sales,6,6380,3,3,3,1,Yes,22,2,Married,Yes
34,Male,Education,5,2307,3,1,4,3,Yes,16,4,Married,Yes
50,Male,Sales,3,2683,3,3,3,0,Yes,3,2,Married,Yes
48,Male,Media,2,4240,3,3,3,2,No,6,3,Single,No
54,Female,Research & Development,7,6854,2,4,3,1,No,7,4,Married,No
20,Female,Sales,2,2044,2,3,3,0,No,2,3,Single,Yes
43,Male,Research & Development,3,2438,2,3,3,1,No,9,3,Single,No
29,Male,Research & Development,7,6384,3,3,3,1,No,29,1,Divorced,No
34,Female,Research & Development,5,2029,3,3,4,0,No,26,1,Divorced,No
42,Male,Research & Development,2,2759,3,3,3,2,Yes,19,3,Divorced,Yes
27,Female,Banking,3,3517,3,3,3,0,No,8,3,Married,No
19,Male,Sales,1,2121,4,2,3,0,Yes,21,3,Single,Yes
39,Female,Research & Development,21,12742,3,4,3,11,No,1,1,Married,No
27,Female,Education,7,2279,2,2,3,0,No,9,3,Single,No
59,Male,Banking,9,10512,2,4,3,5,No,18,4,Single,No
31,Male,Sales,5,11557,2,4,4,0,No,7,3,Divorced,No
28,Male,Research & Development,6,3196,3,1,3,3,No,19,4,Married,No
34,Female,Sales,3,6538,3,3,3,1,No,4,4,Married,No
31,Male,Sales,7,2329,4,3,3,5,No,7,4,Married,No
53,Female,Sales,15,7525,3,2,3,6,No,2,3,Married,No
41,Female,Finance,20,13570,3,2,4,0,No,28,4,Married,No
54,Female,Healthcare,10,10739,3,3,3,0,No,17,3,Married,No
30,Male,Healthcare,5,2097,1,4,3,1,No,3,3,Married,No
49,Male,Finance,5,10965,3,3,4,0,No,7,3,Single,No
46,Female,Research & Development,10,4810,2,3,3,0,No,18,3,Divorced,No
36,Female,Research & Development,1,3038,3,4,3,0,No,6,3,Married,No
32,Female,Research & Development,4,2432,3,3,3,0,Yes,5,2,Single,Yes
27,Male,Education,7,4066,3,1,3,0,No,19,3,Divorced,No
32,Female,Research & Development,6,6322,2,4,3,0,Yes,9,4,Married,No
29,Male,Healthcare,10,5056,2,4,3,1,Yes,8,1,Married,No
37,Male,Finance,8,3564,2,1,3,1,Yes,21,3,Married,No
35,Male,Research & Development,1,2690,2,4,3,0,No,7,2,Married,No
51,Female,Sales,20,16307,2,3,3,4,No,26,4,Married,No
34,Female,Finance,1,4505,3,2,3,0,No,6,4,Divorced,No
40,Female,Sales,20,18041,3,3,3,1,No,2,4,Married,No
38,Male,Human Resources,6,2991,3,2,3,1,Yes,1,4,Married,No
48,Male,Healthcare,10,7898,3,4,3,0,No,4,3,Single,No
42,Male,Education,9,4434,2,2,3,7,No,29,3,Married,No
31,Female,Education,11,11031,4,3,4,4,No,10,3,Married,No
46,Male,Sales,9,9619,3,4,3,4,No,9,2,Single,Yes
35,Male,Media,2,2376,4,4,3,2,No,4,4,Married,No
29,Male,Sales,1,1091,3,1,3,0,No,24,3,Single,Yes
42,Male,Education,20,4332,3,3,3,3,No,23,2,Single,No
39,Female,Research & Development,21,10880,3,1,3,2,Yes,22,3,Single,No
22,Male,Research & Development,2,2773,3,3,4,2,No,6,1,Married,No
29,Female,Education,9,4193,3,3,3,0,Yes,15,2,Single,No
43,Female,Education,5,4522,3,3,3,0,Yes,8,4,Divorced,No
26,Male,Research & Development,5,4741,3,1,3,3,Yes,11,2,Married,No
31,Female,Research & Development,9,5855,1,4,3,8,Yes,12,3,Married,No
32,Male,Media,1,1393,3,2,3,0,No,2,4,Single,Yes
38,Male,Healthcare,5,4771,4,4,3,0,No,9,2,Divorced,No
20,Male,Research & Development,1,2973,3,1,3,0,No,4,3,Single,Yes
56,Female,Finance,5,19943,3,1,3,4,No,4,4,Divorced,No
34,Female,Sales,4,2231,3,3,3,1,No,2,4,Married,No
31,Male,Research & Development,6,6833,2,1,3,0,Yes,11,2,Married,No
48,Male,Education,2,15202,3,4,4,2,No,4,5,Married,No
40,Male,Education,21,19436,3,3,3,3,No,2,2,Divorced,No
40,Male,Sales,4,7457,2,4,4,0,Yes,1,2,Married,No
35,Male,Sales,5,5561,1,1,3,0,No,18,4,Married,No
34,Female,Human Resources,2,2742,3,3,3,2,No,9,4,Married,Yes
35,Male,Research & Development,1,1281,3,3,3,0,No,3,3,Married,No
34,Male,Finance,4,2996,3,1,3,1,No,1,4,Divorced,No
40,Male,Sales,7,8396,2,1,3,7,No,26,3,Married,No
34,Male,Healthcare,7,5346,2,1,3,0,No,9,4,Married,Yes
36,Male,Finance,1,4834,2,3,3,0,No,15,3,Divorced,Yes
46,Female,Sales,13,16606,4,2,3,5,No,3,3,Married,No
27,Female,Sales,6,4647,3,4,4,0,Yes,3,1,Divorced,No
34,Female,Research & Development,12,11994,3,2,3,2,No,7,4,Single,No
42,Male,Banking,1,6781,3,4,4,0,No,2,4,Single,No
30,Female,Human Resources,4,2180,2,4,3,1,No,8,3,Divorced,Yes
37,Male,Finance,6,6347,2,4,3,0,No,5,2,Divorced,No
54,Female,Research & Development,1,3780,3,3,3,0,No,8,4,Single,No
49,Male,Media,31,19502,3,3,3,0,Yes,18,4,Divorced,No
29,Male,Banking,6,2058,2,3,3,1,No,1,3,Single,Yes
25,Male,Sales,1,1118,3,4,3,1,Yes,24,1,Single,Yes
38,Female,Education,20,2133,3,2,3,0,Yes,8,3,Divorced,No
36,Female,Sales,5,9278,3,2,3,0,Yes,3,4,Single,No
39,Male,Research & Development,7,4108,3,4,3,1,No,24,1,Single,No
46,Male,Finance,10,10673,2,1,3,9,Yes,1,3,Married,No
54,Female,Research & Development,20,17328,2,4,3,12,No,1,3,Single,No
45,Male,Research & Development,9,4447,2,2,3,0,No,4,2,Married,No
27,Female,Sales,6,5769,3,4,3,4,Yes,10,3,Married,No
45,Male,Research & Development,17,2348,1,2,3,0,No,9,3,Divorced,No
31,Female,Sales,12,5468,3,4,3,5,No,29,4,Married,No
27,Male,Research & Development,6,6142,3,2,4,0,Yes,4,3,Married,No
44,Male,Human Resources,20,10482,3,1,3,3,No,1,2,Married,Yes
35,Female,Sales,3,2572,2,4,3,0,No,8,4,Married,No
38,Female,Sales,5,5666,3,4,3,1,Yes,10,3,Single,No
30,Male,Research & Development,10,2862,2,4,3,0,No,16,1,Married,No
20,Female,Media,1,2836,4,2,3,0,No,1,3,Single,No
38,Male,Banking,1,3057,1,3,3,0,Yes,2,5,Married,No
50,Male,Sales,0,4728,3,3,3,0,Yes,1,4,Single,Yes
27,Male,Education,4,2045,3,4,3,1,No,3,4,Single,No
36,Male,Human Resources,5,2342,3,1,4,0,No,8,3,Married,No
42,Male,Research & Development,1,4841,3,2,3,0,No,2,3,Married,No
58,Male,Healthcare,2,15787,3,3,3,2,Yes,15,4,Married,No
33,Male,Media,3,7119,3,4,3,1,No,5,3,Divorced,No
34,Female,Education,11,11631,3,1,3,5,No,5,3,Single,No
35,Male,Healthcare,3,3917,2,4,4,1,No,10,3,Divorced,No
35,Female,Finance,11,8606,1,2,3,3,No,16,3,Single,No
41,Male,Media,1,4766,3,4,3,0,Yes,12,4,Married,No
43,Male,Sales,25,16959,4,4,3,4,Yes,26,2,Married,No
32,Male,Banking,1,2795,1,4,4,0,Yes,25,4,Single,Yes
35,Female,Education,17,10685,3,3,4,5,Yes,9,3,Married,No
31,Male,Research & Development,2,2657,3,2,3,2,Yes,9,4,Single,No
45,Male,Finance,20,13496,3,4,3,4,Yes,20,2,Married,No
33,Male,Human Resources,4,2277,4,2,3,0,Yes,3,2,Divorced,No
32,Male,Sales,10,6209,4,4,3,0,No,8,3,Married,No
34,Male,Media,3,4033,2,3,3,0,No,2,2,Single,No
40,Male,Sales,0,4327,3,2,3,0,No,2,4,Married,No
34,Male,Sales,9,4568,3,3,4,8,No,23,4,Single,No
33,Male,Research & Development,9,3055,2,2,3,1,No,4,3,Divorced,No
32,Male,Sales,3,4078,2,2,3,1,Yes,2,1,Married,No
20,Male,Sales,2,2678,3,4,3,2,No,21,3,Single,No
36,Female,Finance,14,8858,2,4,3,7,No,12,5,Single,No
27,Male,Education,2,3468,3,2,3,2,No,2,1,Married,No
25,Male,Research & Development,3,3229,2,4,3,0,No,1,3,Married,No
37,Male,Sales,5,4189,3,2,3,0,No,9,2,Married,No
46,Female,Sales,7,16872,2,2,3,7,Yes,2,3,Married,No
45,Female,Media,10,5770,3,4,3,3,No,2,2,Divorced,No
34,Male,Sales,5,9713,3,4,3,1,Yes,4,3,Married,No
22,Male,Research & Development,2,3894,3,3,3,1,No,4,1,Single,Yes
35,Male,Research & Development,2,9362,3,4,3,2,No,18,2,Single,No
29,Male,Research & Development,9,2362,1,1,3,0,No,1,4,Single,Yes
40,Female,Research & Development,18,13499,2,3,3,2,No,9,4,Single,No
31,Male,Human Resources,1,2956,3,1,3,0,No,18,5,Married,Yes
39,Male,Research & Development,18,9613,2,4,3,3,No,1,3,Divorced,No
28,Female,Research & Development,5,4877,2,1,4,0,No,27,3,Divorced,No
33,Female,Finance,10,11878,3,2,3,8,No,5,4,Married,No
19,Female,Research & Development,1,1483,3,2,3,0,No,3,1,Single,No
34,Female,Finance,4,3280,3,4,3,1,No,1,4,Single,No
48,Male,Research & Development,1,5381,3,3,3,0,Yes,1,2,Single,Yes
39,Male,Finance,7,5377,3,1,3,7,No,10,5,Married,No
31,Female,Research & Development,4,4148,3,1,3,0,No,1,1,Married,No
27,Male,Media,4,2539,3,3,3,2,No,6,3,Married,No
34,Male,Education,1,2972,1,4,3,0,No,7,4,Single,No
24,Male,Sales,2,2400,3,4,3,2,No,24,3,Married,No
51,Female,Media,5,13142,2,2,3,0,No,11,2,Single,No
50,Male,Education,31,17924,3,1,3,14,No,2,4,Divorced,No
31,Male,Finance,4,2218,3,1,3,3,No,1,2,Married,No
36,Male,Media,3,8847,3,2,3,0,Yes,9,2,Divorced,No
27,Male,Sales,5,4478,3,3,3,0,Yes,2,3,Single,No
38,Male,Research & Development,3,3944,3,4,3,1,Yes,2,3,Single,No
40,Male,Sales,1,9705,2,2,3,0,No,10,4,Divorced,No
43,Female,Healthcare,5,2645,2,3,3,1,No,2,2,Divorced,No
27,Male,Banking,5,2517,3,3,3,0,No,4,2,Divorced,No
28,Male,Media,3,2703,3,3,3,0,Yes,6,3,Divorced,No
27,Female,Research & Development,5,2379,2,4,3,0,Yes,5,2,Single,No
45,Male,Research & Development,2,2654,2,4,4,0,No,10,2,Married,No
34,Female,Research & Development,11,4444,4,2,3,5,No,19,3,Divorced,No
27,Male,Finance,9,8793,2,1,4,1,No,10,2,Divorced,No
59,Male,Sales,6,11904,1,4,3,0,Yes,1,2,Married,No
44,Male,Healthcare,2,10209,2,3,3,2,Yes,2,1,Single,No
31,Male,Education,2,13675,3,3,3,2,No,3,4,Divorced,No
23,Male,Research & Development,2,2073,3,3,3,2,No,10,3,Married,No
38,Female,Education,19,8823,2,3,3,1,No,17,1,Married,No
43,Male,Research & Development,1,16627,2,4,3,0,Yes,6,4,Divorced,No
32,Female,Sales,9,8998,3,4,3,3,No,8,3,Single,No
35,Male,Banking,9,4249,3,3,3,1,Yes,4,4,Single,No
19,Male,Finance,1,2552,3,1,4,0,No,9,2,Single,No
45,Male,Sales,5,10761,3,1,3,0,Yes,9,3,Divorced,No
26,Male,Sales,7,4294,3,1,3,0,No,1,3,Single,No
36,Male,Sales,10,7587,3,1,3,0,No,8,4,Single,No
43,Male,Education,10,7510,3,3,3,0,No,11,3,Married,No
22,Male,Finance,1,2935,2,4,3,0,Yes,16,2,Divorced,No
19,Male,Sales,0,1675,2,3,3,0,Yes,22,1,Single,Yes
36,Female,Research & Development,16,5410,3,2,3,5,Yes,2,4,Single,No
31,Female,Sales,1,2785,4,4,3,0,No,2,3,Single,Yes
36,Female,Research & Development,4,5131,3,2,3,0,No,4,2,Divorced,No
52,Male,Healthcare,33,19999,3,3,3,11,No,1,4,Married,No
32,Female,Healthcare,3,3312,3,4,3,0,No,5,4,Married,No
39,Male,Education,6,10920,3,3,4,0,No,25,2,Married,No
52,Male,Sales,9,3482,2,4,3,0,No,29,4,Divorced,No
32,Male,Finance,5,3433,2,3,3,1,No,10,3,Married,No
34,Female,Finance,5,2553,3,4,3,1,No,16,4,Single,No
31,Female,Media,4,3929,3,4,4,0,Yes,12,1,Married,No
18,Female,Sales,0,1200,3,3,3,0,No,10,3,Single,No
21,Male,Sales,3,3447,3,3,3,1,No,22,1,Single,No
36,Female,Research & Development,1,6962,3,2,4,0,Yes,2,4,Married,No
24,Male,Research & Development,6,3907,4,1,3,1,No,29,1,Divorced,No
34,Female,Research & Development,10,2929,3,4,3,8,No,19,3,Married,No
25,Male,Sales,3,4851,3,2,4,1,No,8,3,Married,No
28,Male,Healthcare,1,1563,1,3,3,0,No,1,3,Divorced,No
24,Male,Research & Development,1,2127,3,2,4,0,No,17,2,Married,No
58,Female,Finance,1,3346,2,2,4,0,Yes,9,3,Married,No
32,Male,Banking,6,3298,2,2,3,0,Yes,5,2,Divorced,No
29,Female,Research & Development,3,3180,3,2,3,0,No,2,1,Married,No
29,Male,Sales,1,2642,3,3,3,0,No,10,3,Single,No
44,Male,Research & Development,8,2559,3,1,3,7,Yes,9,2,Married,No
23,Male,Research & Development,5,3989,3,3,3,1,Yes,8,1,Single,Yes
36,Female,Sales,3,5647,2,1,3,0,No,16,4,Married,No
46,Male,Research & Development,10,5562,3,2,3,0,No,13,4,Single,No
40,Male,Finance,9,4661,3,4,3,8,No,2,3,Single,No
31,Male,Media,4,3065,4,1,3,2,Yes,3,2,Divorced,No
55,Male,Healthcare,10,5415,3,4,3,0,Yes,20,2,Married,No
26,Male,Research & Development,1,2377,2,3,4,0,No,21,3,Divorced,Yes
59,Male,Research & Development,1,2177,3,4,3,0,No,3,3,Married,No
32,Female,Research & Development,10,3919,3,1,4,6,Yes,16,1,Single,Yes
30,Male,Sales,3,2983,3,2,3,1,No,7,1,Single,No
32,Male,Sales,2,2269,3,2,3,2,No,1,4,Married,No
29,Male,Banking,4,2389,2,4,3,0,Yes,18,1,Single,Yes
35,Female,Sales,2,2014,3,4,3,2,No,2,3,Married,No
52,Female,Sales,32,19845,3,4,3,6,No,2,1,Married,Yes
40,Male,Media,3,2345,4,3,3,1,No,2,3,Divorced,No
32,Male,Sales,4,4707,3,3,3,1,No,11,4,Married,Yes
33,Female,Sales,11,5147,2,2,3,1,No,2,3,Single,No
42,Male,Research & Development,22,18880,2,3,3,4,No,2,3,Married,No
36,Male,Education,11,2519,3,3,4,3,No,2,4,Single,No
48,Female,Education,22,17174,3,4,3,4,No,22,3,Divorced,No
49,Female,Healthcare,4,3580,3,1,3,0,No,1,3,Married,No
43,Male,Human Resources,9,3539,3,4,3,1,No,2,3,Single,No
37,Male,Education,4,5768,2,3,3,0,No,19,3,Married,No
45,Female,Banking,21,16704,3,2,3,8,No,28,2,Single,No
55,Male,Education,5,2662,4,4,4,0,No,2,4,Married,No
28,Male,Finance,1,2596,3,2,3,0,No,1,3,Divorced,Yes
22,Male,Media,2,2323,3,4,4,2,No,19,1,Married,No
56,Male,Human Resources,7,19717,3,2,3,7,No,8,4,Single,No
35,Male,Sales,11,4581,4,4,4,6,Yes,12,4,Single,Yes
49,Male,Sales,9,13120,3,2,3,2,No,8,4,Married,No
24,Male,Human Resources,2,2145,3,4,3,2,No,10,3,Married,No
46,Male,Research & Development,6,7379,2,4,3,1,No,2,4,Divorced,No
45,Female,Sales,24,18824,3,2,3,1,Yes,2,3,Single,Yes
53,Male,Sales,7,2306,1,3,4,4,Yes,6,2,Married,No
45,Female,Media,9,5906,2,4,3,3,No,25,2,Married,No
33,Male,Research & Development,13,7725,1,4,4,4,No,6,3,Divorced,No
46,Male,Sales,26,17567,1,1,3,0,No,1,4,Single,No
35,Male,Finance,7,6883,3,3,3,0,No,27,4,Married,No
34,Female,Banking,16,4809,3,3,3,2,No,6,4,Single,No
24,Male,Finance,1,2694,3,2,3,0,No,9,3,Divorced,No
35,Male,Media,5,2705,4,3,3,0,No,23,4,Married,No
45,Male,Sales,10,4385,3,1,3,4,No,26,3,Married,No
35,Male,Healthcare,4,9884,3,1,3,2,Yes,11,2,Married,No
35,Male,Sales,10,7295,3,2,3,0,No,1,5,Married,No
41,Male,Sales,10,8392,3,1,3,0,No,1,3,Married,No
33,Female,Research & Development,9,4878,3,4,3,8,Yes,15,2,Married,No
36,Female,Finance,8,2153,3,4,3,1,No,18,1,Single,No
23,Male,Research & Development,5,2647,4,4,3,1,No,12,2,Single,No
29,Male,Finance,10,4723,3,1,3,1,Yes,3,1,Single,No
38,Male,Research & Development,9,9526,3,3,4,1,No,23,3,Single,No
31,Female,Research & Development,3,16422,4,2,3,1,No,8,5,Single,No
43,Male,Sales,7,5675,3,4,4,7,No,2,4,Married,No
24,Male,Research & Development,0,3172,2,1,3,0,Yes,9,3,Single,Yes
45,Male,Sales,8,4805,4,2,3,3,No,2,3,Married,No
42,Female,Finance,3,6545,3,1,3,0,Yes,17,2,Single,No
31,Female,Finance,10,6812,3,1,3,1,No,24,3,Single,No
28,Male,Banking,5,2044,4,4,3,0,No,1,3,Married,No
32,Female,Finance,2,2743,3,2,4,2,No,13,3,Married,No
26,Male,Education,7,2867,2,1,3,7,No,1,3,Single,No
30,Male,Research & Development,5,3761,2,4,3,0,No,5,4,Divorced,No
23,Male,Banking,4,2904,2,4,3,0,No,26,1,Divorced,No
38,Male,Education,1,5811,3,4,3,1,Yes,18,3,Married,No
32,Male,Healthcare,6,2176,3,1,3,0,No,2,1,Single,No
40,Female,Research & Development,20,5605,3,2,3,2,No,26,3,Divorced,No
37,Female,Research & Development,6,6447,2,2,3,4,No,1,4,Married,No
24,Male,Media,5,3162,2,4,3,3,No,4,1,Married,No
40,Male,Healthcare,2,2809,3,3,3,2,No,2,4,Single,No
36,Male,Media,5,2810,3,2,4,0,No,9,4,Married,No
23,Male,Banking,4,2500,4,1,3,0,No,9,1,Married,No
44,Female,Banking,10,7978,3,4,3,0,No,15,3,Married,Yes
42,Female,Banking,10,4089,3,4,3,2,No,2,4,Married,No
29,Male,Human Resources,1,2804,3,2,3,0,No,6,1,Married,No
40,Male,Education,4,2166,1,1,3,0,Yes,7,3,Single,Yes
30,Male,Education,5,2720,3,4,3,1,No,2,1,Single,No
30,Female,Sales,5,6577,3,3,3,4,No,12,3,Single,No
42,Male,Research & Development,20,17861,2,3,3,2,Yes,2,1,Married,No
42,Male,Sales,0,5087,3,4,3,0,Yes,12,4,Divorced,No
28,Male,Sales,4,4908,3,4,3,0,No,5,4,Single,No
26,Male,Media,1,2340,1,4,3,0,Yes,24,3,Single,Yes
40,Female,Healthcare,20,19033,3,3,3,9,No,4,1,Married,No
49,Female,Research & Development,9,3211,2,1,3,1,No,25,4,Married,No
26,Male,Education,3,2305,4,3,3,0,No,17,4,Married,No
55,Male,Sales,9,5160,2,4,3,7,No,2,1,Single,Yes
30,Female,Media,5,2632,2,3,3,0,No,18,3,Single,No
50,Female,Sales,18,6347,3,3,3,0,No,1,3,Married,No
35,Female,Sales,4,4614,2,3,3,3,Yes,18,4,Married,Yes
42,Female,Finance,5,5265,3,3,3,0,No,21,2,Divorced,No
33,Male,Research & Development,14,2781,3,4,3,4,No,9,3,Married,No
50,Male,Research & Development,10,19144,2,2,3,1,No,4,1,Divorced,No
26,Male,Sales,8,5828,3,4,3,7,Yes,4,4,Single,Yes
29,Male,Banking,2,4787,4,4,3,2,Yes,1,4,Married,Yes
39,Male,Finance,21,19197,3,3,3,1,Yes,1,1,Divorced,No
56,Female,Research & Development,5,4963,3,2,3,4,Yes,14,4,Married,Yes
55,Male,Research & Development,4,3537,3,2,3,1,No,22,3,Divorced,No
34,Male,Finance,5,3815,4,3,3,2,Yes,10,4,Divorced,No
35,Male,Human Resources,5,4323,1,3,3,1,No,8,4,Single,No
33,Female,Healthcare,2,2911,2,4,3,0,No,5,4,Married,No
31,Male,Sales,10,5617,3,4,3,0,Yes,26,4,Married,Yes
28,Male,Media,5,2144,2,3,3,1,No,16,3,Single,No
18,Female,Sales,0,1569,4,4,3,0,Yes,3,2,Single,Yes
36,Male,Sales,10,7596,3,3,3,9,No,2,2,Married,No
30,Female,Healthcare,7,9667,3,3,3,0,No,10,3,Single,No
45,Female,Research & Development,3,4477,2,3,3,0,Yes,7,3,Married,No
54,Female,Sales,6,5940,3,1,3,0,No,3,3,Married,No
32,Male,Sales,10,6524,3,2,3,5,No,5,2,Married,No
49,Male,Media,10,5130,3,2,4,1,No,8,1,Married,No
54,Female,Human Resources,5,17328,3,4,3,4,Yes,26,3,Single,No
35,Female,Sales,5,4601,3,3,3,1,No,18,3,Married,No
31,Female,Banking,1,1129,3,4,3,0,Yes,2,1,Divorced,No
41,Male,Sales,19,6151,3,2,3,11,No,10,2,Single,No
37,Male,Media,10,4213,1,1,3,0,No,10,4,Single,Yes
32,Male,Sales,2,9907,2,2,3,2,Yes,2,4,Single,Yes
42,Male,Education,2,2093,3,3,3,2,No,5,2,Married,No
28,Male,Research & Development,1,2408,3,2,3,0,Yes,24,3,Married,Yes
38,Female,Media,6,2468,2,2,3,0,No,2,2,Married,No
21,Female,Media,1,2693,2,4,3,0,No,18,1,Single,Yes
35,Female,Education,3,4788,3,2,3,0,Yes,16,2,Married,No
31,Male,Sales,1,8161,3,3,3,0,No,16,4,Married,Yes
40,Female,Research & Development,7,4448,3,1,3,7,No,12,3,Divorced,No
52,Male,Education,8,4941,2,2,3,7,No,8,4,Married,Yes
37,Female,Sales,5,2973,3,4,3,0,No,21,2,Married,No
31,Male,Education,3,2321,3,1,4,1,Yes,9,2,Single,Yes
